Time,Day_of_week,Age_band_of_driver,Sex_of_driver,Educational_level,Vehicle_driver_relation,Driving_experience,Type_of_vehicle,Area_accident_occured,Lanes_or_Medians,Road_allignment,Types_of_Junction,Road_surface_type,Road_surface_conditions,Light_conditions,Weather_conditions,Type_of_collision,Number_of_vehicles_involved,Vehicle_movement,Casualty_class,Casualty_severity,Pedestrian_movement,Cause_of_accident,Accident_severity
298,0,0,1,4,0,3,5,7,6,5,7,0,0,3,2,8,2,2,3,3,5,12,2
430,1,1,1,4,2,0,9,6,2,5,7,0,3,0,4,8,1,2,0,1,5,1,2
963,5,0,1,1,2,1,14,7,2,5,1,3,0,3,2,8,1,2,0,2,5,12,1
987,1,1,1,4,0,0,0,6,2,5,4,0,0,3,2,8,2,2,2,2,0,1,2
921,0,1,1,4,0,3,0,7,1,5,1,3,3,3,6,8,2,2,1,2,5,12,2
1001,0,1,1,4,0,3,4,6,3,5,7,0,0,3,2,8,2,2,1,2,5,16,2
371,5,1,1,1,0,2,5,6,4,5,7,0,0,3,2,2,2,2,3,3,5,9,2
488,5,1,1,4,0,4,8,7,4,5,1,0,0,3,2,6,2,2,3,3,5,16,2
405,0,1,1,1,0,2,7,7,4,5,0,0,0,3,2,8,2,2,3,3,5,12,2
288,4,1,1,2,0,3,5,7,1,5,7,3,0,3,2,8,3,9,2,2,1,0,2
940,1,3,1,4,0,2,5,2,4,5,3,0,0,3,7,8,2,2,3,3,5,11,2
231,5,0,1,4,0,4,8,6,2,5,1,0,0,3,2,8,2,11,3,3,5,10,2
965,6,0,1,4,0,0,0,7,4,5,7,0,0,3,7,1,2,2,2,2,6,5,2
308,2,0,1,1,0,4,14,2,0,5,7,0,0,3,2,0,2,2,3,3,5,10,2
511,5,0,1,4,0,2,3,7,2,5,0,0,0,0,2,8,2,2,0,2,5,10,2
458,0,0,1,4,0,3,0,6,6,5,7,0,3,0,4,8,2,2,0,2,5,12,2
466,6,0,1,1,0,3,5,6,2,5,1,0,0,3,2,2,2,2,3,3,5,12,2
655,6,4,1,1,0,2,3,7,1,5,1,0,0,3,2,8,2,3,2,2,1,9,2
994,6,2,1,2,2,0,5,9,4,5,0,0,0,3,2,8,1,2,3,3,5,10,2
375,0,1,1,4,0,1,7,9,2,3,1,0,0,3,2,8,1,2,0,2,5,4,2
275,1,1,1,1,0,2,0,5,4,5,0,0,0,3,2,6,2,2,1,2,5,12,2
110,5,0,1,4,2,1,5,9,6,5,7,0,0,3,2,8,1,3,0,2,5,10,2
527,1,0,1,1,2,3,3,9,4,5,0,0,0,3,2,2,2,7,0,2,5,9,2
7,3,3,1,4,0,3,8,9,4,5,7,0,0,0,2,8,2,2,1,2,5,10,0
538,6,1,1,1,0,0,7,6,2,5,1,0,0,3,2,2,3,5,3,3,5,10,2
432,0,1,1,4,0,1,5,6,4,5,3,0,3,0,2,1,2,2,3,3,5,6,2
410,1,1,1,4,0,0,0,7,2,5,7,0,0,3,2,8,1,9,2,1,0,11,1
179,0,1,1,4,0,2,15,7,4,5,1,0,0,3,2,1,3,2,0,2,5,13,2
964,5,0,1,1,0,4,10,4,6,5,1,0,3,3,4,8,1,1,1,2,5,1,2
507,6,0,1,4,0,0,5,2,4,5,1,0,0,3,2,8,2,2,0,2,5,12,2
806,0,0,1,4,0,1,7,2,2,5,1,0,0,3,7,8,2,2,0,2,5,0,2
89,6,3,1,1,2,1,0,4,2,5,1,0,0,3,2,2,1,2,3,3,5,10,2
220,1,4,1,1,0,2,0,7,2,5,0,2,0,3,2,8,2,2,0,2,5,3,2
7,3,1,1,4,0,0,5,9,6,5,1,0,0,0,2,8,2,2,0,2,5,1,2
599,0,2,1,1,0,2,5,7,4,5,7,0,3,0,0,8,2,2,3,3,5,16,2
842,6,4,0,4,0,0,14,7,0,5,1,0,3,0,4,8,2,3,0,2,5,0,2
256,1,0,1,4,0,2,10,2,4,5,1,0,3,3,2,8,1,0,0,2,5,11,1
248,5,4,1,6,2,2,0,7,4,5,7,2,0,3,2,8,1,2,0,2,5,0,2
576,3,3,1,4,0,1,5,9,2,5,1,0,3,0,2,8,1,2,3,3,5,12,2
125,3,2,1,4,0,2,0,6,2,5,1,0,0,3,2,8,4,2,3,3,5,11,2
613,3,1,1,4,0,2,0,7,2,5,1,0,0,0,2,1,2,2,0,2,5,12,2
380,2,3,1,4,0,0,0,7,0,5,1,0,0,3,2,2,1,3,3,3,5,10,1
586,1,4,1,4,0,5,0,7,4,5,7,0,0,0,2,8,3,12,3,3,5,4,2
501,0,4,0,4,0,1,0,6,2,5,7,0,0,3,2,1,2,2,0,1,5,3,1
510,4,1,1,4,0,2,0,7,6,3,7,0,0,3,2,8,1,2,3,3,5,3,2
450,3,0,1,4,0,3,7,6,2,5,7,0,3,3,4,8,3,3,2,2,1,12,2
299,6,3,1,4,0,0,6,3,4,5,3,0,0,3,2,2,2,7,1,2,5,3,2
310,0,0,1,4,0,3,9,6,4,0,7,0,0,3,2,8,2,2,3,3,5,1,2
192,5,1,1,4,0,4,0,9,2,5,7,0,0,3,2,6,2,1,3,3,5,12,2
385,6,3,1,1,2,2,8,6,6,5,1,0,0,3,2,8,2,4,3,3,5,0,2
295,5,0,1,4,0,4,0,2,4,5,7,0,0,3,2,8,1,2,0,2,5,10,2
450,4,0,1,4,0,0,11,6,0,0,1,0,0,3,2,0,2,2,3,3,5,10,2
964,0,1,1,4,0,0,9,6,0,5,1,0,0,3,7,8,2,2,0,1,5,2,2
662,2,3,1,2,0,2,5,9,4,5,7,0,0,3,2,6,1,7,3,3,5,3,1
515,0,4,1,4,0,3,5,2,6,5,1,0,3,3,2,1,2,4,3,3,5,3,2
623,3,3,1,4,0,2,5,6,1,5,7,0,3,0,2,8,2,0,3,3,5,10,2
233,6,0,1,4,0,2,9,7,4,5,1,0,0,3,2,0,2,2,3,3,5,1,2
916,1,1,1,1,2,3,0,12,6,5,7,0,0,3,2,8,2,2,2,2,5,10,2
947,6,1,1,4,0,0,11,6,1,5,1,0,0,3,2,8,2,2,3,3,5,0,2
492,3,1,1,4,0,3,0,7,4,5,1,0,0,3,2,8,2,4,0,2,5,13,2
882,3,1,1,4,2,4,7,6,0,5,0,0,0,3,2,1,2,2,0,1,5,10,2
331,0,1,1,4,0,2,0,7,4,5,3,0,0,3,2,8,2,7,3,3,5,3,2
513,2,1,1,1,0,4,11,7,2,5,0,0,0,3,2,2,2,2,3,3,5,1,2
631,1,0,1,1,0,3,0,6,2,5,5,2,3,0,2,8,2,3,3,3,5,0,2
2,0,2,1,4,0,5,5,7,2,5,7,0,0,0,2,6,2,3,0,2,5,1,2
1009,1,0,1,4,0,4,3,6,0,5,1,0,3,3,4,8,2,4,2,2,1,3,2
150,3,1,1,1,0,2,14,7,4,5,7,0,0,3,2,8,2,2,0,2,5,3,2
749,5,4,0,0,2,2,0,6,4,5,0,0,3,0,4,1,3,3,0,2,5,3,2
451,4,2,1,4,0,1,5,7,6,3,7,0,0,3,2,2,2,2,2,1,5,12,2
405,6,1,1,4,0,2,11,1,2,5,7,0,3,0,3,8,2,2,2,2,5,3,1
292,3,0,1,2,0,0,8,12,4,5,0,0,0,3,2,8,2,4,0,2,5,13,2
1028,1,2,1,2,0,3,0,6,4,5,0,0,0,3,2,8,2,2,3,3,5,10,2
310,1,1,1,4,0,4,3,6,6,5,3,0,0,3,7,8,1,2,0,2,5,10,2
273,6,2,1,4,0,4,0,7,6,5,3,0,0,3,2,8,3,2,3,3,5,2,2
195,0,0,1,4,0,0,7,6,4,5,1,0,0,3,2,8,2,9,0,2,5,0,2
534,6,1,1,1,0,0,14,7,2,5,7,0,0,3,2,8,2,3,1,2,5,3,2
615,4,1,1,4,0,4,11,2,1,5,0,2,0,0,2,8,2,2,3,3,5,12,2
735,0,0,1,4,0,0,5,6,0,5,0,0,0,0,2,8,2,2,3,3,5,0,2
482,5,0,1,1,0,1,7,6,0,5,1,0,3,0,8,8,3,9,0,2,5,0,2
978,4,2,1,4,0,0,6,9,1,5,7,0,0,3,2,8,3,7,0,2,5,3,2
41,6,1,1,4,0,3,3,2,2,5,1,0,3,3,4,8,3,2,3,3,5,10,2
183,4,1,1,4,0,1,14,6,2,5,0,0,0,3,2,8,2,2,2,2,5,12,2
599,1,1,1,4,0,3,14,6,4,5,7,0,0,1,2,6,3,2,3,3,5,7,2
935,5,4,1,6,0,2,0,6,2,5,7,0,0,3,2,8,4,2,3,3,5,5,2
109,0,1,1,4,0,3,7,7,6,5,7,0,0,3,2,2,2,4,2,2,5,1,1
426,4,0,1,4,0,2,5,6,2,5,1,0,3,0,2,8,4,2,0,2,5,10,2
207,0,4,1,1,0,0,5,7,1,5,7,0,0,3,2,6,2,2,3,3,5,10,2
682,6,1,1,1,2,0,5,2,6,5,7,0,0,0,2,8,3,2,3,3,5,12,2
921,4,0,1,4,0,1,5,6,1,3,2,0,3,3,2,2,2,3,0,2,5,9,1
458,5,2,1,0,0,0,10,6,6,7,1,0,0,0,2,8,2,7,0,2,5,9,2
313,1,1,1,4,0,0,0,6,0,5,0,0,3,3,3,8,2,2,2,2,5,10,2
177,5,3,1,4,0,3,9,7,4,5,0,0,3,3,3,2,2,2,3,3,5,3,2
348,5,1,1,4,0,2,0,6,6,6,7,0,0,3,2,8,3,2,0,2,5,10,2
944,6,2,1,4,0,2,8,7,0,6,7,0,0,3,3,2,2,2,3,3,5,7,2
195,6,2,1,4,0,1,14,1,2,3,1,0,0,3,2,8,2,1,0,2,5,0,2
930,5,1,1,4,0,0,9,6,0,5,7,0,0,3,2,6,2,2,1,2,5,9,2
907,6,2,1,2,0,4,9,6,2,5,0,0,3,0,8,8,2,2,3,3,5,1,2
303,2,1,1,4,0,2,0,9,3,5,7,1,3,3,2,1,2,4,3,3,5,9,0
315,6,1,1,1,2,0,14,2,6,5,0,0,0,3,2,8,1,9,3,3,5,11,2
969,6,4,1,4,0,2,5,3,2,5,1,0,0,3,2,2,2,2,3,3,5,0,2
339,5,0,1,4,0,1,8,9,4,5,1,0,0,3,2,8,2,2,3,3,5,1,2
470,2,0,1,4,0,0,8,12,4,5,7,0,0,3,2,8,2,4,1,2,5,12,2
112,0,1,1,4,0,4,14,12,0,5,3,0,0,3,2,8,2,2,3,3,5,3,2
875,6,0,1,4,0,1,0,12,2,5,0,0,0,0,4,8,2,2,3,3,5,10,2
192,3,1,1,1,0,2,14,9,4,5,0,0,3,3,4,8,2,2,2,2,1,3,2
441,0,3,1,4,0,2,8,7,1,5,7,0,0,3,2,8,2,2,0,2,5,9,2
947,5,3,1,2,0,4,8,6,4,5,7,0,0,3,2,8,2,2,3,3,5,10,2
528,0,0,1,4,2,1,15,6,4,5,2,0,0,3,2,8,2,2,1,1,5,11,2
99,0,2,1,4,0,4,5,7,4,5,0,0,0,3,2,1,2,3,0,2,5,12,2
127,2,2,1,4,0,0,0,6,2,5,0,0,0,3,2,2,2,2,0,2,5,3,1
340,6,1,1,1,0,4,10,6,3,5,7,0,0,3,2,8,2,2,3,3,5,1,2
453,4,1,1,2,2,2,7,7,2,5,7,0,3,0,3,6,2,4,0,2,5,0,2
899,6,1,1,2,0,0,0,7,4,5,1,0,0,3,2,2,2,1,2,2,5,0,2
214,1,0,1,1,0,3,5,9,2,5,7,0,0,3,2,8,2,1,0,2,5,0,2
450,5,1,1,4,0,3,11,9,4,5,1,0,0,3,2,8,3,1,3,3,5,12,2
1011,3,1,1,4,0,3,4,1,1,5,7,2,0,3,2,1,2,2,0,2,5,3,2
352,6,0,1,1,0,1,0,9,4,5,7,0,0,3,2,8,3,3,0,2,5,10,2
150,3,0,1,4,0,3,0,7,2,5,7,0,0,3,2,8,2,2,2,2,7,10,2
383,6,1,1,2,0,4,4,7,2,5,7,0,0,3,2,8,2,2,3,3,5,10,2
979,2,0,1,4,0,4,5,6,0,1,7,0,0,3,2,8,1,2,0,2,5,9,2
541,0,0,1,4,0,2,0,3,2,5,0,0,0,3,2,8,3,3,3,3,5,9,1
969,0,2,1,4,0,2,5,7,4,5,1,0,0,3,2,8,2,4,0,1,5,3,2
926,5,1,1,4,0,2,0,7,6,5,7,0,0,3,2,8,2,2,2,2,6,9,2
326,1,3,1,4,0,1,7,6,6,5,0,0,3,3,4,8,2,3,0,2,5,13,2
950,5,1,1,4,0,3,3,7,2,5,0,0,3,3,4,8,2,2,3,3,5,12,2
244,6,2,1,4,0,0,14,7,2,5,7,0,0,0,2,8,2,2,0,2,5,11,2
643,0,0,0,1,0,2,0,7,2,5,0,0,0,0,2,8,3,3,0,2,5,3,1
333,5,2,1,2,0,1,9,6,4,5,0,0,0,3,2,2,1,2,0,2,5,10,2
984,6,0,1,4,0,2,0,3,1,5,7,0,0,3,2,8,2,2,0,2,5,3,2
492,3,2,1,1,0,0,7,9,6,5,1,0,3,0,2,8,2,0,0,2,5,10,2
969,5,2,1,4,0,0,0,7,0,5,7,4,0,3,2,8,1,1,0,2,5,10,2
331,1,1,1,4,0,4,0,6,2,5,7,0,0,3,7,8,2,2,3,3,5,1,1
769,0,4,1,4,0,1,0,9,2,5,1,0,0,0,2,2,2,7,0,2,5,2,2
370,6,1,1,1,2,1,7,7,4,5,7,0,0,3,2,8,2,2,3,3,5,1,2
445,6,4,0,2,2,1,8,2,4,5,1,3,0,3,7,8,2,2,2,2,5,11,2
390,1,0,1,4,0,2,0,2,2,3,7,0,0,3,2,2,2,2,2,1,6,7,2
689,2,0,1,1,0,3,14,6,4,5,1,0,3,0,4,2,3,2,0,2,5,0,2
529,2,3,1,4,0,2,0,2,4,5,7,0,0,3,2,8,2,3,2,2,5,5,2
520,0,2,1,4,0,3,7,7,6,5,7,0,0,3,2,2,2,2,0,2,5,10,2
930,4,3,1,4,0,3,0,7,4,5,0,0,0,3,2,2,2,1,3,3,5,7,2
692,5,4,1,4,0,1,0,6,0,0,1,0,0,3,2,1,2,2,0,2,5,0,1
362,4,1,1,0,2,1,5,9,0,5,0,4,0,3,2,8,2,2,0,2,5,13,2
237,2,0,0,4,0,1,0,9,4,1,5,0,0,3,0,8,2,2,1,2,5,12,2
715,0,4,0,4,0,3,9,7,4,5,2,0,3,0,4,2,2,2,0,2,5,1,2
488,2,1,1,1,2,2,11,5,4,5,0,0,0,3,2,8,2,2,0,2,5,16,1
509,0,0,1,4,0,3,5,6,4,5,1,0,0,3,2,8,2,5,0,2,5,10,2
41,6,1,1,1,0,4,0,6,2,5,7,0,0,3,2,8,3,2,0,1,5,11,2
127,2,1,1,2,2,2,3,7,2,5,1,3,0,3,2,8,2,2,3,3,5,1,2
612,2,0,1,4,0,2,14,3,6,3,1,2,0,0,2,8,6,2,3,3,5,9,2
607,2,3,1,1,0,1,0,7,2,5,1,0,0,3,2,1,1,2,3,3,5,3,1
443,4,1,1,4,0,3,0,7,2,5,7,0,0,3,2,8,2,2,3,3,5,13,2
957,3,0,1,2,0,4,14,1,1,5,0,3,0,3,2,8,1,2,0,2,5,10,2
1009,2,1,1,4,0,0,0,9,4,5,1,0,0,3,2,8,2,2,0,2,5,0,2
497,6,3,1,2,0,2,4,6,2,7,1,0,3,0,4,8,2,2,0,2,5,10,2
435,1,0,1,4,0,2,11,7,4,5,5,2,3,3,2,1,2,2,2,2,1,9,2
969,3,1,1,4,0,3,4,6,1,5,0,0,0,3,2,0,2,3,1,2,5,10,1
520,5,2,1,4,0,0,5,7,2,5,1,0,0,0,2,8,2,2,3,3,5,1,2
1021,0,0,1,0,0,2,7,7,0,5,0,0,0,3,2,8,2,2,0,2,5,0,2
921,6,1,1,2,0,3,0,6,2,1,0,0,3,3,4,8,2,2,3,3,5,4,2
264,5,3,1,4,0,1,0,2,6,5,7,2,0,3,2,8,2,2,0,2,5,1,2
178,6,3,1,4,0,3,0,6,4,5,1,0,0,3,2,8,1,3,1,2,5,9,2
562,5,0,1,4,0,2,0,2,0,5,1,0,0,2,2,8,2,2,3,3,5,16,2
380,5,0,2,4,0,2,7,7,4,5,1,0,0,3,2,8,2,2,0,2,5,9,2
497,6,3,2,2,2,2,5,9,4,5,1,0,3,0,4,7,2,11,0,2,5,10,2
15,2,0,1,4,0,3,9,5,6,3,7,0,0,0,2,8,3,2,0,2,5,0,2
241,1,1,1,4,0,3,5,7,2,5,0,0,0,3,2,8,2,2,2,1,6,1,2
595,2,0,1,4,0,1,5,7,4,5,0,0,0,0,2,3,4,4,1,2,5,10,2
908,4,0,1,2,0,0,0,1,2,5,7,0,3,0,4,8,2,2,1,2,5,11,2
415,3,3,1,4,2,4,7,7,4,5,1,0,3,3,2,8,2,2,0,2,5,1,2
38,0,0,1,0,0,0,0,9,3,5,7,0,0,3,2,8,2,9,0,2,5,9,2
544,0,1,1,4,0,4,5,7,4,5,0,0,0,0,2,1,3,0,0,2,5,11,1
705,0,0,1,4,0,4,9,9,2,5,1,0,3,0,2,8,2,2,0,2,5,13,2
685,1,4,1,4,0,3,7,7,1,3,5,0,3,3,3,4,2,2,2,2,7,12,2
419,0,0,1,4,0,0,11,4,0,5,3,0,0,3,2,8,3,2,0,2,5,3,2
78,6,1,1,4,0,3,13,7,4,5,1,0,0,3,2,8,2,2,0,2,5,10,2
336,0,1,1,4,0,1,5,7,1,5,1,0,0,3,2,8,2,7,0,2,5,12,2
716,5,4,0,4,2,1,9,12,6,5,1,0,0,0,2,8,7,2,2,2,5,10,2
954,1,3,1,4,0,4,0,6,3,5,7,0,0,3,2,8,2,2,3,3,5,1,2
559,5,0,1,4,0,4,0,6,4,5,1,0,0,0,3,8,2,2,3,3,5,5,2
517,0,4,1,4,0,2,0,9,2,5,1,0,0,3,2,8,2,2,2,2,6,10,1
163,3,4,1,4,0,4,5,9,0,5,0,0,0,3,2,8,2,2,0,2,5,10,2
362,6,2,1,4,0,1,5,9,1,5,0,0,0,3,2,8,2,2,3,3,5,3,2
348,3,4,0,1,0,2,5,6,4,5,7,0,0,3,2,2,3,0,0,2,5,5,2
894,5,0,1,4,0,1,0,9,2,5,5,0,0,3,2,8,2,2,3,3,5,9,2
649,0,3,1,1,0,5,14,2,4,5,3,0,0,0,2,8,2,0,3,3,5,12,2
1001,4,0,1,4,0,1,7,7,1,5,7,0,3,3,4,8,2,1,1,2,5,3,2
323,0,1,1,1,2,3,5,9,4,5,7,0,3,0,8,1,2,2,3,3,5,0,2
511,0,3,1,4,2,4,7,2,4,5,7,0,0,0,2,8,3,2,0,2,5,0,2
557,5,3,1,4,0,2,7,7,0,3,0,0,3,0,2,2,2,2,1,2,5,1,1
653,1,1,1,4,0,1,4,9,2,5,0,0,0,0,2,8,2,3,2,2,1,9,2
274,0,0,1,4,0,1,0,3,1,5,0,0,0,3,7,8,2,2,0,2,5,1,2
688,2,0,1,6,2,2,5,6,4,5,0,1,3,0,4,8,2,3,0,2,5,12,2
996,6,3,1,4,0,2,9,7,2,5,7,0,3,3,2,1,3,2,3,3,5,0,2
557,5,3,1,0,0,2,10,6,2,7,0,0,3,0,2,1,2,2,1,2,5,13,1
964,5,4,0,4,0,1,7,7,4,5,7,0,0,3,2,8,1,0,3,3,5,12,2
130,6,0,1,1,0,4,7,6,0,5,7,0,0,3,2,8,2,2,0,1,5,10,2
947,6,0,1,4,0,0,0,0,6,3,1,0,3,3,4,8,2,2,0,2,5,11,2
700,0,0,1,1,0,3,15,6,2,6,7,0,0,0,2,8,2,2,3,3,5,13,2
656,2,4,0,4,2,0,9,12,6,5,1,0,0,0,2,8,3,3,3,3,5,1,2
1006,0,1,1,4,0,2,5,12,2,5,7,0,0,3,2,8,2,2,0,2,5,1,2
400,6,2,1,4,2,2,10,6,4,5,1,0,0,3,2,2,2,2,2,2,1,10,2
544,0,1,1,4,0,2,5,2,2,3,3,0,0,3,2,8,2,2,1,2,5,10,1
348,0,1,1,4,0,1,3,6,0,5,1,0,0,3,2,2,1,2,0,2,5,4,2
343,1,1,1,4,0,2,7,7,2,6,7,0,0,0,2,8,2,2,2,2,5,9,2
199,1,0,1,4,0,2,6,9,4,5,0,0,0,3,2,8,2,2,0,2,5,10,2
998,5,1,1,4,2,3,14,1,2,5,1,2,0,3,2,2,1,3,0,2,5,16,2
292,0,2,1,4,0,4,0,6,4,5,7,0,0,3,2,1,1,2,2,2,1,9,2
967,6,1,1,3,0,1,11,9,6,5,0,0,0,3,2,8,2,3,0,2,5,0,1
391,4,2,1,2,2,4,0,7,4,5,7,0,3,0,0,8,3,2,1,2,5,9,2
340,5,4,0,2,0,0,7,6,4,5,7,0,0,3,2,1,1,0,0,2,5,10,2
162,5,1,1,2,0,3,5,1,1,5,0,0,0,3,2,2,3,2,0,2,5,1,2
381,4,0,1,4,0,4,4,2,4,3,0,0,3,3,2,8,4,4,0,2,5,0,1
655,6,4,1,4,0,0,9,6,0,5,7,0,0,0,2,2,1,2,3,3,5,13,0
930,6,0,1,0,0,5,0,6,4,5,1,2,3,3,2,0,3,2,0,2,5,11,2
327,5,1,1,1,0,3,14,4,4,5,7,0,0,3,2,8,2,2,0,2,5,9,2
915,5,4,1,4,0,0,15,1,2,5,1,0,0,3,2,8,3,2,0,2,5,9,2
384,5,3,1,4,0,2,14,9,4,5,7,0,0,3,2,8,2,2,3,3,5,10,2
502,6,4,0,4,2,2,9,4,4,5,7,0,0,3,2,8,2,7,1,2,5,1,2
450,5,4,1,4,0,1,7,7,1,5,0,0,0,3,2,8,3,3,0,2,5,3,2
792,2,0,1,4,0,3,0,7,3,5,1,0,0,0,2,8,1,2,0,2,5,6,1
201,2,0,1,4,0,2,7,7,2,5,7,0,3,3,2,2,2,2,1,2,5,9,2
36,1,1,1,1,0,2,0,9,0,5,0,0,0,0,2,8,2,2,0,2,5,3,1
677,2,1,1,2,2,3,5,7,2,5,7,0,0,0,2,2,1,4,0,2,5,9,2
574,0,3,1,1,0,2,5,2,6,5,7,0,0,3,2,1,2,2,0,1,5,10,2
61,1,1,1,4,0,0,4,6,4,5,7,0,0,3,2,8,2,2,1,2,5,3,2
163,4,0,1,4,0,2,5,6,4,5,7,0,3,3,4,8,2,2,3,3,5,3,2
599,2,2,1,1,0,1,8,7,1,5,7,0,0,0,2,8,2,2,0,2,5,10,2
171,4,1,1,4,0,3,5,6,4,5,0,0,0,3,2,1,2,4,0,2,5,8,2
317,6,1,1,4,0,1,5,3,6,3,7,0,3,3,4,1,3,3,0,2,5,0,1
921,5,0,1,2,0,1,5,7,0,5,7,0,0,3,2,8,2,2,3,3,5,9,2
357,5,0,1,4,0,1,10,6,0,5,0,0,3,3,2,1,1,2,2,2,6,10,2
112,5,2,1,4,2,2,0,7,4,5,7,0,0,3,2,8,3,2,3,3,5,9,2
214,4,0,1,4,0,2,3,9,4,5,7,0,0,3,2,8,2,2,1,2,5,0,2
686,0,0,1,4,0,1,0,6,2,5,7,0,0,0,2,8,2,3,1,2,5,3,2
792,2,0,1,1,0,0,4,7,2,5,1,0,0,0,2,8,1,11,0,2,5,1,1
93,1,1,1,4,2,3,11,6,2,5,0,0,0,3,2,8,1,2,3,3,5,12,2
300,3,4,0,4,0,3,0,9,4,5,1,0,0,3,2,8,2,2,2,2,2,13,2
633,5,3,1,4,0,3,0,6,4,0,0,0,0,0,2,8,2,2,3,3,5,17,2
415,4,2,1,4,0,0,8,6,6,7,1,0,0,3,2,6,3,2,0,2,5,13,1
310,3,1,1,1,0,1,7,7,4,5,7,0,0,3,2,5,3,3,3,3,5,0,2
910,5,1,1,4,0,2,5,4,2,5,1,0,0,3,2,8,2,2,0,1,5,11,2
255,5,0,1,4,0,3,5,2,4,5,7,0,0,3,2,8,3,2,1,2,5,10,2
1001,4,0,1,1,0,1,7,9,4,5,2,0,3,3,2,2,2,2,0,2,5,0,2
492,1,1,1,4,0,2,4,2,3,5,1,0,3,0,4,8,2,1,0,2,5,1,2
199,3,1,1,4,0,0,0,7,2,5,1,0,2,3,6,8,3,2,0,1,5,3,2
926,0,1,1,4,0,0,5,6,4,5,7,0,3,3,4,2,2,2,3,3,5,12,2
716,3,1,1,4,0,1,5,6,6,5,7,0,0,0,2,8,2,2,3,3,5,12,1
947,0,1,1,4,2,0,0,7,2,5,3,0,0,3,2,8,2,7,3,3,5,15,2
883,4,1,1,4,0,3,0,2,2,5,5,0,3,0,4,8,1,2,0,2,5,10,1
988,1,1,1,4,0,2,5,7,4,5,1,0,0,3,7,2,3,4,3,3,5,0,1
300,2,0,1,1,0,2,0,7,2,6,7,0,0,3,2,8,2,3,0,2,5,10,1
969,1,3,1,4,0,2,5,2,2,3,1,0,0,3,2,8,2,2,3,3,5,14,2
103,6,2,1,2,0,0,10,6,4,5,7,0,0,3,2,1,1,3,0,2,5,16,2
851,5,0,1,2,0,2,0,7,2,5,7,0,0,3,2,8,2,0,3,3,5,10,2
643,1,1,1,4,0,1,0,7,2,5,0,0,0,0,2,8,2,2,2,2,6,11,2
415,5,1,1,4,0,2,7,9,6,5,1,0,0,3,2,2,1,2,0,2,5,1,2
782,0,1,1,2,0,2,0,1,4,5,1,0,0,0,2,8,1,2,3,3,5,11,0
510,6,0,1,4,0,1,0,7,0,5,7,0,0,3,2,2,2,0,0,2,5,7,1
71,6,1,1,4,0,2,0,7,1,5,5,0,3,3,2,8,3,1,1,2,5,0,2
192,2,2,1,4,0,2,0,2,6,5,7,0,3,3,2,8,3,2,0,2,5,3,2
269,2,1,1,2,0,4,0,3,1,5,5,0,0,3,2,6,4,2,3,3,5,0,2
220,0,4,1,4,0,2,10,2,2,5,1,0,0,3,2,8,2,3,0,2,5,10,2
643,2,1,1,4,2,4,3,7,2,5,7,0,3,0,2,8,1,2,0,1,5,10,2
664,4,0,1,2,0,4,8,9,0,5,1,0,0,3,2,8,3,2,0,2,5,5,2
147,4,4,1,4,0,1,8,2,6,5,1,0,0,3,2,8,2,4,0,2,5,10,2
1009,5,4,0,4,0,0,9,7,2,5,7,0,0,3,2,8,1,4,3,3,5,0,1
688,6,0,1,4,0,0,5,9,6,5,1,0,0,0,2,8,2,2,1,2,5,1,2
497,6,0,1,0,0,0,8,7,0,3,1,0,3,0,4,8,2,2,3,3,5,10,2
737,3,4,0,4,0,0,0,6,2,5,1,0,0,0,2,8,2,2,3,3,5,1,2
612,0,0,1,4,2,3,14,6,2,6,7,0,0,0,2,8,3,2,2,2,1,0,1
935,6,0,1,1,0,2,9,9,4,5,1,2,3,3,4,8,2,2,1,2,5,11,2
903,6,3,1,1,0,0,14,6,2,5,7,0,0,3,2,8,2,2,0,2,5,12,2
352,1,0,1,4,0,3,9,7,6,5,7,0,0,3,2,8,3,2,3,3,5,1,2
430,0,1,1,4,0,0,0,9,4,5,1,0,0,3,2,8,3,2,0,1,5,0,2
197,2,1,1,2,0,1,5,7,2,5,1,0,0,3,2,2,1,9,0,2,5,0,1
86,5,0,1,4,2,0,0,6,2,5,3,1,0,3,2,8,3,2,0,2,5,10,2
732,0,0,1,4,0,4,13,7,0,5,0,2,0,0,2,8,2,7,2,2,6,11,2
1026,1,1,1,4,0,4,10,2,0,5,7,0,0,3,2,6,2,2,3,3,5,9,2
511,4,1,1,2,1,3,10,1,4,5,7,0,3,0,2,8,4,2,1,0,5,3,2
342,2,1,1,4,0,0,8,6,2,5,7,2,0,3,2,2,1,3,3,3,5,11,1
857,0,1,1,4,0,1,7,3,1,5,7,0,0,0,2,1,2,2,3,3,5,0,2
23,0,1,1,4,0,0,14,7,2,5,1,0,0,0,2,8,2,2,0,2,5,9,2
310,0,3,1,2,2,2,0,6,4,5,1,0,0,3,2,2,2,2,3,3,5,0,1