Time,Day_of_week,Age_band_of_driver,Sex_of_driver,Educational_level,Vehicle_driver_relation,Driving_experience,Type_of_vehicle,Area_accident_occured,Lanes_or_Medians,Road_allignment,Types_of_Junction,Road_surface_type,Road_surface_conditions,Light_conditions,Weather_conditions,Type_of_collision,Number_of_vehicles_involved,Vehicle_movement,Casualty_class,Casualty_severity,Pedestrian_movement,Cause_of_accident,Accident_severity
691,2,0,1,5,2,2,0,9,4,5,1,0,0,0,2,8,2,2,2,2,5,9,1
458,6,1,1,4,0,0,10,2,6,5,1,0,0,3,2,8,2,4,3,3,5,10,2
422,0,2,1,1,0,0,8,7,0,1,0,0,0,3,3,1,2,2,3,3,5,0,2
192,3,4,1,4,0,2,7,6,1,5,3,0,0,3,2,2,2,4,3,3,5,12,2
111,2,2,1,1,0,1,3,1,2,5,7,0,0,3,2,2,2,2,0,2,5,10,2
54,3,1,2,4,0,0,8,12,4,5,7,0,0,3,2,8,2,2,3,3,5,11,2
482,3,2,1,4,0,1,0,4,4,5,0,0,0,0,2,6,2,2,0,2,5,11,2
360,6,1,1,4,0,0,0,6,2,5,3,0,0,3,2,8,1,4,0,2,5,1,1
903,1,1,1,6,2,2,9,6,2,5,1,0,0,3,2,8,2,2,2,2,6,12,2
956,5,2,1,4,2,3,10,10,4,1,7,0,0,3,2,8,2,2,3,3,5,10,2
11,3,2,1,4,0,3,10,6,2,6,1,0,0,0,2,2,2,7,3,3,5,3,1
485,0,0,1,0,2,2,5,6,0,6,7,0,0,3,2,8,1,4,2,2,0,0,2
206,6,4,0,0,0,0,5,6,4,5,7,3,0,3,2,8,2,2,1,2,5,3,2
513,5,0,1,2,0,5,0,9,2,5,1,0,0,3,2,8,3,2,0,2,5,10,2
338,3,0,1,1,0,2,6,5,4,5,7,0,0,3,2,8,2,2,0,2,5,0,1
988,1,4,0,4,0,0,10,9,2,5,7,0,0,3,2,8,3,3,0,1,5,5,2
89,3,0,1,4,0,1,0,13,6,5,1,0,0,3,2,8,2,2,0,2,5,1,2
430,1,1,1,4,0,2,7,7,2,5,0,0,0,3,2,8,1,2,0,2,5,3,2
430,0,1,1,4,0,2,3,9,2,5,7,0,0,3,2,8,4,2,0,2,5,0,2
263,3,2,1,2,0,0,0,6,4,5,1,0,0,3,2,8,2,2,0,2,5,10,1
89,5,1,1,4,0,3,4,9,2,5,7,0,0,3,2,6,1,2,1,2,5,4,2
266,5,0,1,4,0,2,5,6,2,5,0,0,0,3,2,8,3,2,0,2,5,1,2
308,5,2,1,4,0,0,3,9,2,5,7,0,0,3,2,8,3,2,3,3,5,3,2
405,6,4,1,4,0,0,0,4,4,5,1,0,0,0,2,8,2,2,1,2,5,1,2
548,5,0,1,2,0,4,0,5,6,5,7,0,0,0,2,8,2,2,2,2,5,17,2
201,6,4,1,4,0,4,0,7,2,5,1,0,0,3,2,2,1,2,3,3,5,7,2
405,6,2,1,5,0,3,4,9,2,5,1,0,0,0,2,8,2,2,3,3,5,11,2
492,6,4,1,0,0,3,9,2,0,5,7,2,0,0,2,8,2,2,1,2,5,10,2
925,6,3,1,4,0,1,5,6,2,5,3,0,3,3,2,8,2,2,3,3,5,17,2
395,1,2,0,4,0,2,14,7,2,5,0,0,0,3,2,8,2,3,0,2,5,9,1
163,3,4,0,4,2,2,9,6,4,5,7,0,0,3,2,8,4,2,0,2,5,10,2
380,2,3,1,2,1,3,0,12,4,5,1,0,0,3,2,8,2,2,3,3,5,1,2
100,0,1,1,2,0,0,7,9,2,5,1,4,3,3,2,8,4,0,2,2,5,12,1
405,5,0,1,4,0,3,16,2,4,3,1,0,0,0,2,8,2,2,0,2,5,4,2
69,6,1,1,4,0,3,8,7,4,5,1,0,0,3,2,8,3,2,0,2,5,13,2
751,4,1,1,1,0,0,14,7,0,1,0,0,0,0,2,6,2,2,3,3,5,10,2
546,2,0,1,4,0,1,6,7,2,5,0,0,0,0,2,2,2,2,0,2,5,10,1
405,0,0,1,4,0,2,0,10,4,1,1,0,3,0,2,8,2,3,2,2,6,11,2
357,1,1,1,4,0,2,5,7,2,5,7,0,0,3,2,8,2,2,3,3,5,12,2
147,0,0,1,4,0,2,9,2,2,5,7,0,0,3,2,8,1,2,3,3,5,4,2
959,2,3,1,4,0,0,5,12,6,5,1,0,0,3,2,8,2,2,2,2,1,1,1
479,0,1,1,4,0,1,6,7,1,5,7,0,0,3,2,8,1,2,0,2,5,3,2
716,3,1,1,4,2,1,0,9,4,3,1,0,0,0,2,8,3,1,2,2,5,9,2
80,2,4,1,4,0,1,8,1,1,6,7,0,0,3,2,1,2,2,3,3,5,0,2
908,4,0,1,1,0,1,0,12,4,5,7,0,3,0,4,1,2,1,0,2,5,3,2
727,4,0,1,4,2,2,7,4,1,5,1,0,0,0,2,6,2,0,1,2,5,9,2
97,4,4,1,4,0,2,11,1,2,5,0,0,0,3,2,8,4,2,0,1,5,3,2
240,2,0,1,2,0,4,10,10,4,1,7,0,3,3,2,8,2,7,3,3,5,10,2
649,2,0,1,4,0,2,0,7,6,3,7,0,0,0,2,8,1,2,2,2,5,10,1
984,4,0,1,4,0,4,6,9,2,5,0,0,3,3,3,2,2,3,3,3,5,16,2
646,0,0,1,4,0,2,0,7,2,5,7,0,0,0,2,8,2,9,0,1,5,0,1
331,4,1,1,0,0,5,16,7,4,5,1,0,0,3,7,8,2,2,0,2,5,0,2
425,4,4,1,4,0,2,0,9,2,5,1,0,0,3,2,8,2,1,0,2,5,1,2
529,2,4,1,1,0,1,4,2,0,5,0,0,0,0,2,8,2,4,3,3,5,0,2
415,6,3,1,4,2,2,8,6,2,5,1,0,0,3,2,2,2,2,3,3,5,1,2
425,0,0,1,1,2,0,8,6,6,5,7,0,0,3,2,8,3,9,0,2,5,9,2
624,2,0,1,4,0,2,0,7,2,5,1,0,0,3,2,2,4,7,3,3,5,1,1
395,1,3,1,4,0,0,3,6,2,5,7,0,3,3,4,2,2,2,0,2,5,10,2
574,0,3,1,4,0,4,7,9,1,5,7,0,0,0,2,8,2,3,0,2,5,1,2
16,3,1,1,6,0,2,0,12,2,5,7,0,0,0,2,8,2,1,0,2,5,10,2
501,4,0,1,4,0,4,0,4,4,5,7,0,0,3,2,8,1,2,0,2,5,0,2
292,4,0,1,4,0,2,6,9,1,5,5,0,0,3,2,6,2,0,3,3,5,16,2
450,4,1,1,4,0,3,0,6,4,0,1,0,0,3,2,0,2,2,0,2,5,10,1
541,0,1,1,4,2,0,4,7,1,5,0,0,0,3,2,8,3,5,0,2,5,10,1
35,0,1,1,1,1,2,5,6,6,5,7,0,0,0,2,8,2,2,3,3,5,9,2
163,6,1,1,4,2,0,0,7,6,5,1,0,0,3,2,8,2,4,0,2,5,9,2
559,4,3,1,4,0,2,15,7,1,5,3,0,0,3,2,8,2,2,0,2,5,7,2
233,3,0,1,4,0,1,5,2,0,5,1,0,3,3,6,8,2,2,0,2,5,1,2
477,1,0,1,4,0,4,9,6,2,5,7,0,3,1,4,2,2,9,3,3,5,10,2
559,2,1,1,4,0,2,14,6,2,7,7,0,3,3,8,2,3,4,0,2,5,9,2
499,4,3,1,4,0,2,7,6,0,5,3,0,0,3,2,8,2,2,3,3,5,0,1
200,5,2,1,1,0,3,4,9,4,5,0,0,0,3,2,2,3,2,3,3,5,12,2
50,4,2,1,4,0,2,3,7,2,5,3,0,0,3,2,1,2,3,0,2,5,9,2
277,6,0,1,4,0,1,4,7,4,5,7,0,0,3,2,8,2,9,0,2,5,1,2
778,2,4,0,4,2,2,9,9,4,5,1,0,0,0,2,8,1,2,0,2,5,10,2
405,0,0,1,1,0,0,5,7,6,5,0,4,0,3,2,8,2,2,0,2,5,1,2
724,2,3,1,2,0,1,0,12,4,5,1,0,0,0,2,8,1,2,2,2,1,11,1
313,1,1,1,1,0,1,3,6,2,5,0,0,2,3,6,8,3,2,3,3,5,3,2
455,4,1,1,2,2,1,5,6,0,5,1,0,0,0,2,8,2,2,1,2,5,1,2
649,4,1,1,4,0,1,15,7,2,5,1,0,3,0,4,4,1,2,3,3,5,9,1
633,6,3,1,4,0,2,5,9,6,5,5,0,0,0,2,8,2,0,0,2,5,10,2
969,4,1,1,1,0,1,7,7,1,5,7,0,0,3,2,8,2,2,3,3,5,1,2
558,2,0,1,4,0,0,9,7,2,5,7,0,0,3,2,8,2,2,3,3,5,12,1
685,3,0,1,4,0,1,7,7,4,5,1,0,0,0,2,8,2,2,3,3,5,12,2
60,6,3,1,1,0,1,8,6,4,5,7,0,0,3,2,6,2,7,2,2,5,0,2
370,6,0,1,4,0,3,10,7,6,3,7,0,0,3,2,2,2,1,0,2,5,11,2
382,5,1,1,4,2,1,5,9,0,5,7,0,0,3,2,8,2,2,3,3,5,9,1
49,4,1,1,4,0,2,0,6,4,5,1,0,0,3,2,6,2,2,0,2,5,4,2
336,0,2,1,2,0,4,9,6,1,5,1,0,0,3,2,8,2,9,3,3,5,11,2
318,5,1,1,4,0,1,10,6,2,5,1,0,0,3,2,8,1,2,3,3,5,11,2
86,3,0,1,1,0,3,0,5,4,7,1,0,0,3,2,8,1,5,3,3,5,3,1
323,6,3,1,4,0,4,5,12,2,5,7,0,0,3,2,8,2,2,0,2,5,0,2
1011,3,0,1,4,0,0,5,6,2,5,7,0,0,3,2,8,2,2,0,2,5,1,2
300,6,2,1,4,2,1,4,7,1,5,1,0,0,3,2,0,1,5,0,2,5,0,2
48,4,1,1,4,0,0,0,7,3,5,7,0,0,3,2,2,2,4,0,2,5,11,1
997,0,1,1,1,0,1,5,1,2,3,1,0,0,3,2,8,2,3,0,2,5,10,2
746,2,3,1,4,0,2,8,2,3,5,0,0,0,0,2,8,3,0,0,2,5,10,1
984,6,2,1,4,2,2,0,6,4,7,1,0,3,3,4,8,2,2,2,2,5,3,2
894,1,0,1,4,0,1,5,9,2,5,7,0,0,3,2,2,2,2,3,3,5,12,2
492,1,4,1,2,0,1,5,7,4,5,1,0,3,0,4,2,2,2,0,2,5,12,2
722,1,2,1,4,2,2,5,7,2,5,1,0,3,0,2,8,2,2,0,2,5,12,2
1013,5,0,1,1,2,2,5,6,0,5,1,0,3,3,3,8,2,2,3,3,5,10,2
425,4,1,1,4,0,3,7,7,1,3,1,0,0,3,2,8,2,2,3,3,5,0,2
180,3,2,2,1,1,3,8,7,1,5,0,2,0,3,2,8,2,2,3,3,5,9,2
494,5,2,1,4,0,0,9,7,2,5,1,0,0,0,2,2,3,2,3,3,5,1,2
944,0,3,1,4,2,2,0,7,2,5,1,3,3,3,2,1,2,2,3,3,5,3,2
112,5,0,1,4,0,0,5,6,0,5,0,0,3,3,2,8,4,2,1,2,5,10,1
762,3,0,1,4,0,1,0,6,2,5,7,0,0,0,2,8,2,2,1,2,5,0,1
420,1,1,1,1,0,2,0,9,2,5,5,0,0,0,2,8,1,7,0,2,5,12,2
411,5,1,1,4,0,4,0,9,4,5,7,0,0,3,2,8,2,2,0,2,5,3,2
73,4,4,0,1,0,4,6,6,2,5,1,0,0,3,2,2,1,3,1,2,5,10,2
288,4,1,1,4,0,1,5,2,4,5,7,0,0,3,2,8,3,2,3,3,5,4,2
547,0,1,1,2,2,3,5,9,2,5,0,0,0,3,2,8,2,2,0,2,5,0,2
430,0,1,1,1,0,4,7,2,3,5,1,0,0,3,2,8,3,2,1,2,5,1,2
66,0,1,1,4,0,0,7,12,2,5,7,0,0,3,2,8,2,2,3,3,5,11,2
300,6,0,1,4,2,1,7,9,2,5,1,0,0,3,2,8,2,2,2,2,1,10,2
375,5,1,1,4,0,3,0,7,0,5,1,0,2,3,6,8,3,2,0,2,5,1,2
713,1,4,0,4,0,2,5,9,4,5,7,0,3,0,4,8,3,0,0,2,5,5,2
100,4,0,1,4,0,2,8,7,4,5,0,0,3,3,8,8,1,4,1,2,5,1,2
703,2,4,1,4,0,2,0,9,4,5,1,0,0,0,2,8,4,2,0,2,5,10,2
634,4,0,1,6,0,4,1,9,2,5,1,0,3,3,2,8,2,2,0,2,5,10,2
513,5,4,0,4,0,0,10,7,4,5,1,0,0,3,2,8,3,1,0,2,5,1,2
704,4,1,1,4,0,3,0,0,4,5,3,0,0,0,2,8,3,4,2,2,5,3,1
621,5,0,1,4,0,2,0,2,6,5,0,0,0,3,2,8,2,2,3,3,5,0,2
38,5,1,1,1,0,2,9,6,2,5,7,0,0,3,2,8,1,1,3,3,5,3,2
520,0,1,1,6,0,4,5,2,2,5,1,0,0,3,2,8,3,2,1,2,5,0,2
375,5,1,1,4,0,0,5,6,4,5,0,0,0,3,2,8,2,2,3,3,5,12,2
500,0,0,1,4,0,2,7,1,2,5,1,0,3,0,4,8,2,4,0,2,5,1,2
686,0,0,1,0,0,2,8,6,4,5,7,0,0,0,2,4,2,4,2,2,5,9,2
760,2,0,1,4,0,1,8,2,4,5,7,0,0,0,2,1,2,3,2,2,1,10,2
629,1,0,1,4,0,4,5,6,2,5,7,0,3,0,4,8,2,2,3,3,5,4,2
546,4,3,2,4,0,0,0,6,2,0,1,0,3,3,2,1,2,2,0,2,5,10,2
118,1,0,1,4,0,3,9,7,6,5,1,0,0,3,2,8,2,2,0,1,5,1,1
375,2,3,1,4,0,3,9,7,6,5,7,0,3,0,4,8,2,2,3,3,5,11,2
375,4,4,1,4,0,1,0,7,2,3,1,0,0,3,2,8,1,2,0,2,5,3,2
81,4,2,1,4,0,2,0,9,4,5,0,0,0,3,2,8,2,2,3,3,5,0,2
775,4,0,1,6,0,1,10,7,0,5,7,0,0,0,2,8,1,2,3,3,5,9,1
313,1,1,1,2,2,1,7,6,6,5,0,0,0,3,2,8,1,2,0,2,5,12,1
674,1,0,1,4,0,3,10,6,4,5,7,2,0,0,2,8,1,1,0,2,5,12,2
920,6,1,1,4,0,3,0,6,2,6,4,0,0,3,2,8,3,2,3,3,5,1,1
882,0,0,1,2,1,3,10,1,4,5,7,0,0,3,2,8,2,7,3,3,5,12,2
352,6,1,0,4,0,2,0,4,6,5,7,0,3,0,4,2,2,2,0,2,5,1,1
340,4,2,1,4,0,3,9,7,0,5,1,2,0,3,2,2,2,4,0,2,5,3,2
376,6,1,1,4,0,4,5,6,2,5,1,0,0,3,2,8,3,2,0,2,5,16,2
77,4,1,1,1,0,1,0,7,0,6,7,0,0,3,2,1,2,2,0,2,5,12,2
964,5,0,1,4,0,2,5,5,4,5,7,3,0,3,2,8,2,0,2,2,6,5,2
907,5,1,1,4,0,0,0,2,4,5,7,0,3,3,2,8,2,2,0,2,5,9,2
472,6,4,1,4,0,2,0,7,1,3,7,2,0,3,7,8,2,2,3,3,5,9,2
424,4,0,1,4,0,2,8,6,4,5,1,3,0,3,2,8,3,2,2,1,1,3,2
349,0,0,1,4,0,1,5,12,6,3,0,0,3,3,4,8,2,2,0,2,5,0,2
170,3,2,1,4,0,4,8,7,0,5,5,0,0,3,2,2,2,2,3,3,5,12,1
497,2,1,1,0,2,0,5,9,2,5,1,0,0,0,2,8,2,2,0,2,5,3,2
501,0,0,1,2,0,3,7,7,2,5,7,0,3,3,4,8,2,7,3,3,5,2,1
440,5,0,1,4,0,2,10,9,4,5,0,0,0,3,2,1,2,3,3,3,5,1,2
251,6,1,1,4,0,2,10,6,4,5,7,0,0,3,2,8,2,2,0,2,5,17,2
475,5,1,1,4,0,2,16,9,2,5,1,0,0,3,2,8,3,9,3,3,5,9,1
926,1,1,1,4,0,4,7,7,2,5,7,0,0,3,2,8,2,2,2,1,5,3,2
831,6,1,1,4,0,0,5,6,0,6,7,0,0,3,2,2,2,2,3,3,5,1,2
472,5,1,1,4,2,3,0,6,0,5,2,0,0,0,2,1,2,2,3,3,5,0,2
490,2,1,1,1,0,0,0,1,6,5,7,0,0,3,2,2,2,2,0,2,5,3,2
463,0,4,1,1,0,1,7,7,2,5,0,0,3,3,3,8,2,2,3,3,5,5,2
415,1,0,1,4,0,3,7,9,6,5,7,0,3,0,8,8,2,2,0,2,5,10,2
56,2,1,1,1,2,1,5,7,6,5,1,0,0,3,2,8,2,2,3,3,5,17,2
435,0,0,1,1,0,1,7,7,2,5,1,0,0,3,2,8,2,3,2,2,5,0,1
292,0,4,1,4,0,1,5,1,2,5,7,0,0,3,2,8,2,4,0,2,5,16,2
50,4,2,1,4,0,0,4,6,4,5,3,0,0,3,2,8,2,3,3,3,5,17,2
535,5,0,1,4,0,1,5,7,2,5,7,0,0,3,2,8,2,9,0,2,5,9,1
362,0,2,1,1,0,3,9,1,6,5,7,0,0,3,2,8,2,2,2,2,7,9,2
415,4,1,1,2,2,1,5,12,2,5,7,0,0,0,2,8,2,4,2,2,1,16,0
415,5,1,1,4,2,2,14,7,6,5,7,0,0,3,2,8,2,7,0,2,5,0,1
506,0,1,1,4,0,2,8,7,2,5,7,0,3,0,4,8,3,3,3,3,5,9,2
863,0,0,1,2,2,2,7,4,4,5,1,0,3,0,2,2,3,2,0,2,5,12,2
463,1,0,1,4,0,2,0,7,6,5,7,0,3,0,4,8,2,2,0,2,5,9,2
274,2,0,1,1,0,4,7,2,6,3,0,0,3,3,2,1,2,2,2,2,5,13,2
355,4,2,1,4,0,4,7,6,4,5,7,0,0,3,2,8,2,2,3,3,5,1,2
720,1,0,1,4,0,1,5,7,2,5,7,0,3,0,4,8,2,0,0,2,5,12,2
968,6,1,1,4,0,3,7,6,2,5,7,0,0,3,7,8,2,2,0,2,5,13,2
177,1,0,1,4,0,4,5,9,2,5,7,0,0,3,0,8,2,2,3,3,5,10,1
338,4,1,1,4,0,2,3,4,4,5,7,0,0,3,2,8,3,2,0,2,5,16,2
111,2,2,1,4,0,1,12,6,4,5,7,0,0,3,2,8,2,2,0,2,5,13,2
971,6,0,1,4,0,1,15,5,4,7,7,0,3,3,4,8,1,4,2,2,5,10,2
859,0,0,1,1,0,3,14,6,6,5,7,0,0,3,2,8,2,2,2,1,6,17,2
399,6,1,1,1,2,2,11,12,2,5,3,0,0,3,2,2,2,2,3,3,5,10,2
842,6,1,1,4,0,3,0,7,4,5,1,0,3,0,4,2,2,1,0,2,5,12,2
336,4,3,1,4,0,3,5,7,4,5,7,0,0,3,2,8,2,2,3,3,5,0,1
263,5,1,1,0,0,2,1,7,0,5,7,0,0,3,2,8,2,4,3,3,5,10,2
94,0,2,1,4,2,1,0,7,1,5,3,0,0,3,2,8,1,2,3,3,5,10,1
574,0,1,1,4,2,2,0,7,2,5,7,4,0,0,2,2,2,2,1,2,5,3,2
139,2,2,1,4,2,2,0,7,4,5,2,0,0,3,7,0,2,3,3,3,5,11,2
893,0,0,1,4,0,3,3,6,4,5,0,3,0,3,2,8,2,9,3,3,5,10,2
506,1,4,1,1,0,4,0,7,0,5,7,0,0,0,2,8,1,2,1,2,5,0,2
979,4,1,1,4,0,1,4,9,2,5,0,0,0,3,2,8,2,2,3,3,5,11,2
435,0,4,1,6,2,2,7,7,2,5,7,0,0,0,7,8,2,3,2,2,0,13,2
440,2,2,1,4,0,2,5,7,1,3,0,0,3,0,4,2,2,2,3,3,5,12,2
298,0,1,2,4,0,4,14,6,4,5,1,0,3,3,2,8,2,2,0,2,5,10,2
847,0,4,1,1,2,2,0,7,2,5,0,0,3,0,4,2,2,2,3,3,5,1,2
375,5,0,1,4,2,1,15,2,2,5,1,0,3,3,4,1,2,2,1,2,5,3,2
299,6,2,1,1,0,3,0,6,2,5,7,3,3,3,4,8,1,2,2,2,2,16,1
144,5,1,1,4,0,1,10,9,1,3,1,0,0,3,2,8,2,2,1,2,5,12,2
32,1,1,1,2,0,3,0,6,2,1,0,0,0,0,2,8,2,2,0,2,5,0,2
235,2,2,1,4,0,3,5,6,6,5,1,0,3,3,2,8,3,2,3,3,5,0,2
753,2,1,1,0,0,4,0,7,2,5,1,0,3,0,4,8,3,2,2,1,1,9,2
348,0,1,1,4,0,2,0,7,2,6,7,0,0,3,2,8,2,2,0,2,5,13,2
875,6,2,1,4,0,2,0,6,2,2,0,0,0,0,4,8,2,7,0,2,5,13,2
194,5,0,1,4,0,1,0,6,2,5,1,0,0,3,2,8,2,2,3,3,5,3,2
38,3,0,1,4,0,2,0,6,6,5,1,0,0,3,2,8,3,1,3,3,5,11,2
435,0,0,1,4,0,2,0,9,4,5,7,0,0,3,2,2,2,2,0,2,5,10,2
599,4,0,1,1,0,1,5,9,1,5,2,0,0,0,2,1,2,2,3,3,5,10,2
559,2,2,1,4,2,2,5,6,3,5,1,0,0,0,2,6,3,3,0,2,5,1,2
430,0,1,1,2,0,1,3,6,6,5,0,0,0,3,2,1,2,4,1,2,5,1,1
440,2,0,1,4,2,1,5,9,6,5,7,0,3,0,2,8,2,2,0,2,5,1,1
124,6,1,1,4,0,3,9,9,6,5,1,0,0,3,2,8,2,2,0,2,5,3,1
497,6,1,1,1,0,2,0,4,4,5,0,0,3,0,4,8,2,2,1,2,5,16,2
520,4,1,1,4,0,0,5,6,4,5,0,0,0,0,2,1,1,2,3,3,5,10,2
682,5,1,1,1,0,2,0,6,6,5,0,0,0,0,2,8,3,2,3,3,5,4,2
348,2,0,1,4,0,2,0,2,2,5,1,0,0,3,2,8,2,2,2,2,6,3,2
220,0,1,1,1,2,2,6,6,2,5,1,0,0,3,2,8,2,3,0,2,5,10,2
19,6,3,1,4,0,2,4,7,2,8,7,0,3,0,4,1,2,2,3,3,5,3,2
445,5,1,1,4,0,3,7,6,2,5,1,0,0,3,2,2,2,7,2,2,6,10,2
80,5,2,1,4,0,1,5,9,6,5,7,0,0,3,2,8,1,7,3,3,5,17,1
477,6,4,1,4,0,0,0,2,4,5,0,0,0,0,2,2,1,2,0,2,5,12,2
940,6,0,1,4,0,1,8,7,2,5,1,0,3,3,2,2,3,3,3,3,5,11,1
482,3,1,1,1,0,1,0,9,2,5,1,0,3,3,4,8,2,4,0,2,5,0,2
1005,5,0,1,4,0,2,4,9,0,5,7,0,0,3,2,8,6,2,3,3,5,13,1
866,5,1,1,4,2,0,7,2,3,5,0,0,3,0,2,2,2,2,0,1,5,1,2
863,0,1,1,4,0,4,8,6,6,5,1,0,3,0,2,8,3,2,0,2,5,2,2
355,4,0,1,4,0,2,7,2,6,5,3,0,0,3,2,8,2,2,1,2,5,13,2
244,6,0,1,1,0,2,7,6,4,7,7,0,3,0,4,2,1,2,3,3,5,3,2
242,6,0,1,4,0,1,7,1,2,5,4,0,0,3,7,1,2,2,0,2,5,15,1
716,3,0,1,5,2,2,0,9,2,5,1,0,0,0,2,8,3,11,0,2,5,10,2
163,0,1,1,4,0,3,7,9,6,5,7,0,0,3,2,8,2,2,0,2,5,10,2
964,5,0,1,1,0,1,0,7,4,5,1,0,3,3,2,8,2,2,2,2,5,5,2
68,5,1,1,2,2,3,7,7,1,5,7,0,0,3,2,8,2,2,3,3,5,9,2
516,4,1,1,4,0,1,0,7,2,5,1,0,0,3,2,8,4,2,2,2,5,5,2
708,3,1,1,4,2,3,0,6,4,5,1,1,3,0,4,8,2,4,3,3,5,0,2
928,1,0,1,4,0,2,10,4,0,5,1,0,3,3,4,2,2,3,0,2,5,3,2
930,5,0,1,4,0,1,7,9,2,5,7,0,0,3,2,8,2,5,3,3,5,15,2
405,5,1,1,4,0,1,10,3,6,3,0,0,3,0,2,8,2,2,0,2,5,12,2
860,0,2,1,1,0,0,9,7,6,5,7,0,0,3,2,8,2,12,2,2,5,11,2
492,3,4,0,1,2,1,5,12,6,5,7,0,3,3,4,1,2,0,3,3,5,0,2
380,2,0,1,1,0,0,0,6,4,5,1,0,0,3,2,1,2,2,2,1,5,11,2
463,0,1,1,4,0,1,10,7,4,5,3,0,0,3,2,8,2,2,0,2,5,0,2
444,6,0,1,4,0,1,0,9,6,5,1,0,0,3,2,8,2,2,1,2,5,4,2
467,6,3,1,4,0,1,3,2,2,5,7,0,0,3,2,2,3,2,2,2,5,0,2
999,5,2,1,1,0,3,7,2,2,5,7,2,0,3,2,2,2,4,0,2,5,0,1
620,0,4,0,1,0,2,3,6,1,6,7,0,0,3,2,8,2,2,1,2,5,1,2
313,1,1,1,2,0,2,10,7,6,5,7,0,0,3,2,1,2,2,0,2,5,3,2
727,4,0,1,4,0,1,0,6,4,5,1,0,0,0,2,8,2,0,3,3,5,1,2
474,5,1,1,4,2,4,5,7,2,5,7,2,0,3,2,8,1,2,2,1,5,16,2
54,3,1,1,6,0,4,4,9,1,5,7,0,0,3,2,8,2,2,0,2,5,15,2
49,0,4,1,4,0,1,5,7,2,5,0,0,0,3,2,8,3,2,3,3,5,0,2
701,3,0,1,0,0,3,0,6,0,5,1,0,0,0,2,8,4,2,2,1,5,10,2
426,0,0,1,4,0,1,0,4,1,5,7,0,0,3,2,1,2,2,2,2,5,12,2
531,5,1,1,4,0,1,11,2,4,5,1,0,0,0,2,8,1,1,1,2,5,0,2
520,6,3,1,1,0,2,6,9,6,5,1,0,0,3,2,8,3,4,0,2,5,3,1
298,1,1,1,4,0,0,14,6,4,5,0,0,0,3,2,8,3,2,1,2,5,0,2
463,2,0,1,4,0,1,3,2,2,5,1,0,0,3,2,8,3,2,0,2,5,11,2
908,4,1,1,4,2,2,0,6,6,5,7,0,0,3,2,8,2,3,3,3,5,10,1
467,6,3,1,1,0,3,4,7,2,5,7,0,0,3,2,8,3,2,0,1,5,0,2
701,0,0,1,4,0,2,13,6,2,5,7,0,0,0,2,8,2,3,3,3,5,11,2
310,3,1,1,4,0,2,14,6,6,7,7,0,0,3,2,2,2,2,0,2,5,1,2
521,4,0,1,0,0,3,0,6,2,5,3,0,0,0,2,8,2,2,0,2,5,1,2
743,3,2,1,2,2,0,7,9,2,5,0,0,0,0,2,8,3,2,2,2,6,10,2
400,4,0,1,4,2,2,14,7,4,5,7,0,0,3,2,1,1,2,3,3,5,1,2
470,0,1,1,1,1,2,0,2,6,5,1,0,0,3,2,8,1,2,0,2,5,5,2
441,0,3,1,1,0,2,0,7,6,3,1,0,0,3,2,8,2,7,3,3,5,10,2
546,4,1,1,4,0,2,5,2,4,5,7,0,3,0,2,8,2,2,3,3,5,12,2
340,1,0,1,4,0,0,10,7,2,5,1,0,0,3,2,4,2,7,0,1,5,12,2
0,2,0,1,4,0,2,5,2,4,2,0,0,0,0,2,8,3,2,3,3,5,9,2
469,5,4,1,4,0,3,16,7,2,5,1,0,0,3,2,8,2,1,1,2,5,9,2
315,5,3,1,4,0,3,11,7,2,5,0,0,0,3,2,0,2,2,3,3,5,0,2
143,5,0,1,4,0,0,5,6,6,5,7,0,0,3,2,8,2,4,3,3,5,9,2
270,3,3,1,4,2,4,9,6,0,5,1,0,0,3,2,8,3,9,2,2,3,10,2
930,0,0,1,4,0,1,4,6,2,5,7,0,0,3,2,8,2,2,0,2,5,12,2
695,5,0,1,4,0,4,5,9,4,5,1,0,0,0,2,8,3,2,3,3,5,12,2
869,4,1,1,4,0,1,11,6,4,5,7,0,0,3,2,8,2,9,3,3,5,5,2
440,2,4,0,1,0,2,0,6,2,2,7,0,0,0,2,8,3,2,3,3,5,3,1
233,6,0,1,4,0,1,7,7,4,5,1,0,0,3,2,8,1,2,3,3,5,11,1
258,6,1,1,1,0,1,7,1,6,5,0,0,0,3,2,8,2,2,0,2,5,10,2
607,0,1,1,4,2,2,0,7,2,8,7,0,0,3,2,2,3,2,0,2,5,0,2
66,6,3,1,4,0,3,0,9,4,5,1,0,3,3,2,8,2,2,0,2,5,3,1
641,5,0,1,4,0,2,5,9,2,5,7,0,3,0,8,8,1,2,3,3,5,3,1
264,0,0,1,2,0,3,0,7,2,5,7,0,0,3,2,8,1,2,3,3,5,0,2
634,4,1,1,4,0,2,5,9,6,5,0,0,0,3,2,2,4,1,1,2,5,12,2