Time,Day_of_week,Age_band_of_driver,Sex_of_driver,Educational_level,Vehicle_driver_relation,Driving_experience,Type_of_vehicle,Area_accident_occured,Lanes_or_Medians,Road_allignment,Types_of_Junction,Road_surface_type,Road_surface_conditions,Light_conditions,Weather_conditions,Type_of_collision,Number_of_vehicles_involved,Vehicle_movement,Casualty_class,Casualty_severity,Pedestrian_movement,Cause_of_accident,Accident_severity
653,5,3,1,4,0,0,8,5,0,5,7,0,0,0,2,2,1,2,2,2,5,12,0
387,4,1,1,3,0,2,7,6,3,5,6,0,0,2,2,6,1,6,0,2,5,16,0
312,3,1,1,3,0,1,0,6,0,5,1,0,0,3,2,7,2,6,0,2,5,9,0
775,0,1,0,2,0,1,1,2,4,5,1,0,0,0,2,8,1,2,2,2,5,10,0
312,3,1,1,2,0,0,0,7,2,5,1,0,0,3,2,0,2,4,0,2,5,9,0
463,2,2,1,1,0,3,9,9,2,5,7,0,0,3,2,8,2,1,0,2,5,9,0
135,5,1,1,2,0,1,7,6,1,5,7,0,1,3,2,5,1,4,3,3,5,9,0
147,2,0,1,4,1,1,11,7,2,5,1,0,0,3,2,2,1,2,1,1,5,2,0
659,1,0,1,1,0,1,4,6,0,1,7,0,0,0,2,7,1,4,3,3,5,9,0
614,6,1,1,4,0,2,5,5,4,5,0,0,1,1,3,8,1,2,2,2,5,7,0
192,0,1,1,1,0,1,7,0,4,5,1,0,0,3,2,8,3,0,1,2,5,9,0
415,4,1,1,3,0,0,6,9,2,5,7,0,0,0,2,8,2,2,2,2,3,14,0
657,3,0,1,2,0,1,4,8,4,5,0,0,0,0,2,8,2,3,1,2,5,2,0
716,2,0,1,4,0,1,12,8,4,5,3,0,1,0,2,8,1,4,1,2,3,1,0
1007,1,1,1,4,0,1,1,8,2,5,2,0,0,3,2,6,1,4,0,2,5,10,0
712,2,0,1,4,0,1,3,8,3,5,2,0,1,0,2,8,2,2,1,2,5,11,0
468,2,0,1,3,0,1,0,8,3,1,7,0,0,2,2,8,2,2,1,2,5,2,0
470,2,0,1,0,1,1,0,8,4,5,7,0,0,2,2,8,2,2,1,2,5,9,0
657,3,0,1,4,0,2,2,8,6,5,1,0,0,0,2,3,2,2,2,2,5,7,0
647,2,0,1,4,0,3,8,2,2,5,6,0,2,0,3,7,1,2,0,1,5,9,0
192,0,1,1,1,0,1,7,0,4,5,1,0,0,3,2,8,3,0,1,2,5,9,0
464,2,1,1,1,1,1,3,3,2,4,7,0,0,2,2,8,2,2,2,2,5,1,0
167,2,1,1,2,1,1,7,3,1,5,4,0,1,3,2,3,2,5,2,2,5,9,0
656,4,2,1,4,0,1,6,7,3,5,3,0,0,0,2,2,1,2,3,3,5,10,0
126,6,2,1,3,0,2,1,6,3,5,7,0,0,3,2,8,1,2,1,2,5,9,0
624,6,0,1,2,0,1,4,9,4,5,0,0,2,0,3,8,1,2,0,1,5,11,0
396,4,1,1,4,0,1,7,7,3,5,7,0,0,1,2,6,2,5,1,2,5,16,0
463,2,2,1,1,1,2,5,2,1,5,7,0,0,3,2,8,2,2,3,3,5,0,0
647,2,0,1,4,0,3,8,2,1,5,7,0,2,0,3,7,1,2,0,1,5,10,0
411,2,1,1,2,0,0,7,7,1,5,4,0,0,0,2,8,1,2,1,2,5,7,0
654,2,0,1,4,0,3,4,7,5,5,2,0,0,0,2,3,1,2,2,2,5,9,0
708,3,1,1,1,0,1,2,8,2,5,0,0,0,0,2,3,2,2,0,2,5,6,0
161,3,1,1,3,1,1,6,6,0,5,5,0,2,3,2,2,2,9,2,2,5,6,0
463,2,3,1,2,0,2,10,7,1,5,7,0,0,3,2,8,2,2,2,2,5,4,0
554,4,3,0,2,2,0,1,7,5,5,7,0,3,0,2,5,3,2,2,2,5,5,0
656,3,1,1,4,0,1,8,6,3,5,2,0,0,0,2,2,1,2,3,3,5,4,0
571,4,2,1,4,1,0,1,6,6,5,4,0,3,0,2,8,2,2,1,1,5,1,0
728,1,1,0,4,0,2,9,6,2,5,5,0,2,0,3,8,1,2,0,2,5,4,0
620,4,1,1,1,2,2,7,1,2,5,0,0,0,3,2,4,2,2,1,2,5,1,0
1010,1,1,1,3,0,0,1,6,2,5,1,0,0,3,2,8,1,6,0,2,5,6,0
125,5,1,1,2,0,1,8,6,2,5,6,0,0,3,2,7,1,2,3,3,5,10,0
657,3,0,1,2,0,1,0,8,5,5,0,0,0,0,2,8,2,2,1,2,5,2,0
657,3,0,1,4,0,1,3,7,4,5,1,0,0,0,2,8,2,6,1,2,5,1,0
304,2,1,1,3,0,1,0,8,2,5,6,0,2,3,2,0,2,4,2,2,5,9,0
774,0,1,1,2,0,2,1,1,3,5,1,0,0,0,2,8,1,2,2,2,5,9,0
387,4,1,1,2,0,1,0,9,1,5,7,0,0,2,2,8,2,2,2,2,0,11,0
463,2,1,1,2,0,2,0,9,4,4,7,0,0,2,2,8,2,1,0,2,5,10,0
707,3,0,1,4,0,0,7,7,2,5,1,0,0,0,2,8,1,2,3,3,5,1,0
101,3,0,1,1,0,1,7,2,2,5,1,0,0,3,2,2,2,2,2,2,5,2,0
470,2,0,1,3,0,1,0,9,5,5,7,0,0,2,2,8,2,2,2,2,5,3,0
284,3,2,1,1,0,1,3,8,3,3,5,0,0,3,2,5,1,2,0,2,5,4,0
377,4,1,1,4,0,2,9,6,4,5,2,0,2,3,3,7,2,3,1,2,1,3,0
125,5,1,1,3,0,2,0,7,4,5,6,0,0,3,2,7,1,2,0,2,5,9,0
610,3,0,1,1,1,2,4,3,4,5,1,0,1,1,2,8,1,2,0,1,5,5,0
463,2,2,1,1,0,3,6,9,2,5,7,0,0,3,2,8,2,1,0,2,5,9,0
655,2,0,1,4,0,2,8,5,3,5,1,0,0,0,2,2,1,2,2,2,5,4,0
600,4,1,1,2,0,1,5,3,5,6,1,0,1,1,3,8,1,2,0,1,5,0,0
375,4,1,1,2,0,1,4,3,4,5,1,0,3,3,4,3,2,2,2,2,3,0,0
383,4,1,1,3,0,1,5,6,3,5,7,0,0,3,2,6,2,5,0,2,3,15,0
103,2,0,1,3,1,3,5,7,2,5,1,0,0,3,2,1,1,2,1,2,5,2,0
374,4,0,1,4,0,2,4,4,4,5,6,0,0,0,2,5,1,2,0,2,5,3,0
91,5,0,1,5,0,1,0,8,4,5,7,0,0,2,2,1,2,2,2,2,5,2,0
312,3,1,1,3,0,2,3,7,2,5,1,1,0,3,2,5,2,2,0,2,5,9,0
408,0,0,1,1,0,1,7,6,0,5,1,0,0,2,2,8,1,2,0,1,5,2,0
48,3,0,1,4,0,1,3,6,3,5,4,0,0,1,2,8,2,2,0,2,5,1,0
646,2,0,1,4,0,3,8,2,2,5,6,0,2,0,3,7,1,2,0,1,5,9,0
470,2,0,1,4,0,1,4,7,4,3,7,0,0,2,2,8,2,2,1,2,5,0,0
192,0,2,1,1,0,2,6,0,3,5,1,0,0,3,2,8,3,0,1,2,5,8,0
657,3,0,1,1,1,1,1,11,4,5,0,0,0,0,2,7,2,2,3,3,5,1,0
659,1,0,1,1,0,2,4,6,0,1,6,0,0,0,2,7,1,4,3,3,5,8,0
517,5,1,1,3,0,1,9,6,2,5,7,0,0,3,2,8,2,2,2,2,5,10,0
7,3,2,1,4,0,2,6,8,4,5,7,0,0,0,2,8,2,2,1,2,5,8,0
375,5,1,1,4,0,2,5,4,4,5,7,0,0,0,2,6,1,2,0,2,5,4,0
1003,1,1,1,4,0,1,2,6,2,5,3,0,1,3,2,4,1,8,0,2,5,9,0
934,3,1,1,4,0,2,5,7,1,4,5,0,3,1,2,3,1,6,1,2,5,11,0
657,3,1,1,4,0,2,6,6,4,5,1,0,0,0,2,2,2,2,3,3,5,4,0
794,2,3,0,4,0,1,9,5,2,7,1,0,0,0,2,8,1,2,2,2,5,9,0
463,2,2,1,1,1,2,2,4,2,5,7,0,0,3,2,8,2,1,1,2,5,4,0
626,6,0,1,2,0,1,5,6,3,5,0,0,2,0,3,6,1,2,0,1,5,8,0
716,2,0,1,4,0,2,9,7,2,5,5,0,2,0,3,8,1,2,0,2,5,3,0
101,3,0,1,3,1,1,8,6,2,5,1,0,0,3,2,7,2,2,0,2,5,1,0
381,4,1,1,2,0,1,0,8,1,5,7,0,0,3,2,7,2,2,1,2,0,10,0
375,4,1,1,3,0,2,3,3,4,5,5,0,0,0,2,4,1,2,0,2,5,2,0
614,4,0,1,1,0,1,4,4,4,5,1,0,1,1,3,8,1,2,0,1,5,7,0
192,0,0,1,1,0,1,7,5,6,5,1,0,0,3,2,8,3,0,0,2,5,14,0
312,3,1,1,4,0,2,0,6,0,5,1,0,0,3,2,8,2,6,0,2,5,9,0
657,3,0,1,3,0,2,3,9,5,5,0,0,0,0,2,3,2,2,3,3,5,7,0
303,2,1,1,3,0,1,0,8,2,5,6,0,2,3,2,0,2,4,2,2,5,9,0
995,1,2,1,1,0,0,7,6,3,5,2,0,0,3,2,6,1,3,0,2,5,5,0
277,3,2,1,1,1,2,4,8,4,3,6,0,0,3,2,7,1,2,0,2,5,3,0
375,4,1,1,3,0,2,4,4,4,5,1,0,3,3,4,4,2,2,2,2,5,7,0
863,4,0,1,4,0,1,5,8,1,3,3,0,2,0,2,5,1,3,3,3,5,8,0
382,4,1,1,2,0,1,3,7,2,5,7,0,0,3,2,7,2,3,1,2,1,13,0
1001,1,2,1,2,0,0,5,6,3,5,1,0,0,3,2,8,1,3,0,2,5,5,0
469,2,0,1,3,0,1,7,7,3,5,7,0,0,2,2,8,2,2,1,2,5,0,0
657,3,0,1,4,0,2,6,6,4,5,1,0,0,0,2,3,2,2,2,2,5,3,0
498,3,0,1,1,0,2,1,4,2,5,7,0,0,2,2,8,2,2,1,2,5,15,0
396,2,1,1,2,0,2,7,6,1,5,3,0,0,2,2,7,1,4,0,2,5,9,0
798,0,0,0,4,0,1,5,6,4,5,6,0,0,2,2,2,1,8,2,2,5,1,0
192,0,0,1,1,0,1,9,12,6,5,1,0,0,3,2,8,3,0,0,2,5,10,0
372,3,0,1,3,0,1,0,6,4,5,2,0,2,3,3,1,2,4,0,1,5,2,0
471,2,0,1,0,1,1,0,8,3,5,7,0,0,2,2,8,2,2,1,2,5,10,0
658,1,0,1,2,0,2,2,6,2,2,4,0,0,0,2,8,1,3,1,2,5,6,0
15,3,2,1,4,0,2,8,9,4,5,6,0,0,0,2,7,2,2,1,2,5,10,0
375,4,1,1,4,0,3,7,6,4,5,1,0,2,2,3,7,1,2,2,2,5,12,0
597,5,1,1,4,0,2,5,2,3,5,1,0,2,0,3,7,1,2,3,3,5,8,0
707,4,0,1,4,0,0,11,9,4,5,1,0,0,0,2,8,1,3,2,2,3,1,0
178,1,0,1,1,0,1,7,4,4,5,2,0,0,3,2,5,2,2,0,2,5,13,0
252,2,3,1,1,0,1,6,5,5,4,7,0,0,3,2,4,1,2,0,2,5,6,0
192,0,0,1,1,0,2,7,2,5,5,1,0,0,3,2,8,3,0,0,2,5,13,0
129,2,0,1,2,1,0,7,7,2,5,1,0,0,3,2,1,1,2,1,1,5,5,0
476,2,0,1,0,1,1,1,8,3,5,7,0,0,2,2,8,2,2,1,2,5,10,0
658,2,0,1,2,0,2,6,6,2,3,3,0,0,0,2,4,1,3,3,3,5,5,0
162,3,1,1,3,1,1,7,4,1,5,5,0,2,3,2,3,2,6,2,2,5,9,0
377,4,1,1,3,0,2,5,7,2,5,3,0,1,3,3,8,2,2,2,2,3,11,0
305,2,1,1,4,0,2,1,8,2,5,5,1,2,3,2,2,2,3,2,2,5,9,0
164,3,0,1,2,1,1,7,5,2,5,4,0,1,3,2,3,2,5,1,2,5,11,0
470,2,0,1,0,1,1,0,9,4,5,7,0,0,2,2,8,2,2,1,2,5,10,0
517,5,1,1,2,0,2,5,3,2,5,7,0,0,3,2,8,2,2,2,2,5,14,0
305,2,1,1,3,0,1,0,8,2,5,5,0,2,3,2,0,2,4,2,2,5,9,0
118,2,0,1,0,0,0,2,7,3,5,1,1,0,3,2,1,1,2,0,1,5,7,0
209,0,2,1,1,0,1,5,4,2,5,3,0,0,3,2,5,2,6,0,2,5,4,0
302,2,1,1,3,0,2,0,9,3,4,7,0,2,3,2,1,1,3,2,2,5,8,0
375,4,1,1,4,0,3,5,4,4,5,6,0,0,0,2,6,1,2,0,2,5,3,0
100,3,0,1,4,1,3,5,7,2,5,2,0,0,3,2,1,2,2,2,2,5,0,0
192,0,0,1,1,0,1,9,10,6,5,1,0,0,3,2,8,3,0,0,2,5,11,0
309,2,1,1,4,0,2,0,6,0,5,2,0,0,3,2,6,2,6,0,2,5,9,0
465,2,1,1,2,0,2,0,9,4,3,7,0,0,2,2,8,2,1,0,2,5,9,0
106,2,0,1,2,1,1,4,8,4,5,1,0,0,3,2,1,1,2,1,2,5,10,0
100,3,0,1,4,1,1,7,9,4,5,2,0,0,3,2,1,2,2,3,3,5,10,0
657,3,0,1,1,1,1,0,11,4,5,0,0,0,0,2,8,2,3,3,3,5,0,0
409,0,0,1,1,0,1,8,6,0,5,1,0,0,2,2,8,1,2,0,1,5,3,0
192,0,2,1,1,0,2,5,3,1,5,1,0,0,3,2,8,3,4,0,2,5,4,0
98,6,0,1,5,0,1,2,8,3,5,7,0,0,3,2,4,2,6,1,2,5,2,0
639,5,0,1,4,1,1,3,8,4,5,0,0,0,2,2,8,2,2,1,2,5,4,0
1001,1,2,1,1,0,0,5,6,3,5,1,0,0,3,2,8,1,3,0,2,5,4,0
203,0,2,1,1,0,1,7,0,4,5,2,0,0,3,2,6,2,0,1,2,5,9,0
463,2,2,1,1,1,2,5,2,1,5,7,0,0,3,2,8,2,2,3,3,5,0,0
797,0,0,1,3,0,2,3,4,4,5,4,0,0,1,2,4,1,6,3,3,5,3,0
129,5,1,1,2,0,1,9,6,2,5,5,0,0,3,2,6,1,2,2,2,5,8,0
879,5,1,1,1,0,1,5,6,3,5,1,0,0,3,2,1,2,2,0,2,5,9,0
657,3,0,1,4,0,2,5,7,5,5,1,0,0,0,2,4,2,2,1,2,5,6,0
127,5,1,1,4,0,2,0,7,3,5,6,0,0,3,2,7,1,2,1,1,5,8,0
796,2,3,0,4,0,1,9,5,2,7,1,0,0,0,2,8,1,2,2,2,5,9,0
776,1,2,1,4,0,2,10,5,2,6,2,0,0,0,2,8,2,3,2,2,5,7,0
375,4,1,1,3,0,2,7,6,4,5,1,0,3,3,4,7,2,2,2,2,5,12,0
411,2,1,1,2,0,0,7,7,1,5,4,0,0,0,2,8,1,2,1,2,5,7,0
150,5,1,1,4,1,1,5,6,1,5,7,0,3,3,2,1,2,7,2,2,5,6,0
465,2,1,1,0,0,3,6,9,2,5,7,0,0,2,2,8,2,2,1,2,5,9,0
467,2,0,1,2,0,1,5,4,3,5,7,0,0,2,2,8,2,2,2,2,5,0,0
415,4,0,1,4,0,0,9,8,2,5,4,0,0,1,2,8,2,2,1,2,5,13,0
21,3,2,1,4,0,3,7,8,3,5,7,0,0,0,2,8,2,3,0,2,5,8,0
702,4,0,1,4,0,1,9,9,5,5,0,0,0,0,2,8,1,2,3,3,5,12,0
930,4,1,1,1,0,0,6,6,4,5,1,0,0,3,2,4,1,2,0,2,5,7,0
603,6,1,1,4,0,2,5,2,4,5,0,0,2,0,3,8,1,2,2,2,5,8,0
98,6,0,1,4,0,2,4,7,2,5,7,0,0,3,2,7,2,10,0,2,5,1,0
983,1,1,1,3,0,2,5,6,2,5,6,0,2,3,2,1,1,10,0,2,5,12,0
646,2,0,1,4,0,3,8,2,1,5,7,0,2,0,3,7,1,2,0,1,5,10,0
463,2,2,1,1,1,2,4,2,2,5,7,0,0,3,2,8,2,2,2,2,5,1,0
465,2,1,1,2,0,2,0,9,4,5,7,0,0,2,2,8,2,1,0,2,5,9,0
902,4,1,1,1,0,1,5,6,3,5,2,0,0,3,2,1,1,4,0,2,5,10,0
137,3,1,1,2,0,1,0,8,4,5,4,0,1,3,2,1,1,2,0,1,5,3,0
469,2,0,1,4,0,1,0,9,3,1,7,0,0,2,2,8,2,2,1,2,5,2,0
312,3,1,1,4,0,2,2,6,0,5,1,0,0,3,2,8,2,4,0,2,5,9,0
554,4,3,0,2,2,0,1,7,5,5,7,0,3,0,2,6,3,2,2,2,5,4,0
657,3,0,1,4,0,2,3,8,6,5,1,0,0,0,2,2,2,2,2,2,5,8,0
126,5,2,1,2,0,1,7,6,2,5,7,0,0,3,2,7,1,2,2,2,5,9,0
98,5,0,1,4,0,3,5,7,2,5,5,0,0,3,2,6,2,10,0,2,5,0,0
633,6,0,1,3,2,1,6,6,3,5,0,0,0,3,2,6,2,2,2,2,5,3,0
782,0,0,1,2,0,2,0,1,4,5,1,0,0,0,2,7,1,2,3,3,5,10,0
375,4,1,1,4,0,2,8,5,4,5,3,0,1,1,3,7,1,2,1,2,2,1,0
229,1,2,1,1,0,1,7,2,6,5,6,0,0,3,2,2,1,1,0,2,5,9,0
100,3,0,1,1,0,1,6,2,2,5,2,0,0,3,2,3,2,5,1,2,5,1,0
309,2,1,1,4,0,2,3,7,2,5,2,1,0,3,2,5,2,2,0,2,5,9,0
587,3,0,1,4,0,1,8,6,1,5,1,0,1,0,2,4,1,2,3,3,5,4,0
470,2,0,1,1,1,1,0,9,4,5,7,0,0,2,2,8,2,2,1,2,5,7,0
101,3,0,1,3,1,1,8,5,2,5,1,0,0,3,2,6,2,2,0,2,5,1,0
375,4,1,1,4,0,2,9,7,4,5,1,0,3,3,4,8,2,2,2,2,2,4,0
192,0,1,1,1,0,1,8,7,5,5,1,0,0,3,2,8,3,0,0,2,5,9,0
500,3,1,1,4,0,1,8,7,2,5,7,0,0,2,2,8,2,2,2,2,5,5,0
376,4,0,1,3,0,2,4,4,4,5,7,0,0,0,2,5,1,2,0,1,5,2,0
517,5,1,1,3,0,1,6,4,2,5,7,0,0,3,2,8,2,2,2,2,5,13,0
657,3,0,1,1,1,1,0,11,4,5,0,0,0,0,2,8,2,2,3,3,5,0,0
657,3,0,1,1,1,1,0,11,4,5,0,0,0,0,2,8,2,2,2,2,5,1,0
721,1,0,1,4,0,2,9,7,2,5,6,0,2,0,3,8,2,2,0,2,5,3,0
379,4,1,1,4,0,2,8,6,4,5,3,0,1,3,3,7,2,4,1,2,5,15,0
380,4,0,1,2,1,1,0,6,4,5,6,0,0,3,2,1,2,2,0,1,5,1,0
784,0,0,1,2,0,2,0,1,4,5,1,0,0,0,2,7,1,2,3,3,5,9,0
386,4,1,1,3,0,1,7,6,3,5,7,0,0,2,2,6,2,6,0,2,4,17,0
312,3,1,1,4,0,2,0,6,0,5,1,0,0,3,2,6,2,6,0,2,5,9,0
139,5,1,1,3,1,1,7,6,0,5,7,0,1,3,2,4,1,5,3,3,5,9,0
371,3,0,1,4,0,1,0,5,4,5,1,0,2,2,3,1,1,4,0,2,5,3,0
805,0,0,1,3,0,2,4,6,4,5,6,0,0,2,2,2,1,8,3,3,5,0,0
110,4,0,1,3,1,1,8,7,3,5,3,0,0,3,2,4,1,2,3,3,5,11,0
554,4,3,0,1,2,0,3,7,4,5,7,0,3,0,2,4,3,2,2,2,5,6,0
658,1,0,1,2,0,1,5,6,1,2,4,0,0,0,2,8,1,4,1,2,5,6,0
632,4,0,1,2,0,2,5,6,3,5,3,0,3,0,4,8,1,2,0,1,5,11,0
401,4,1,1,2,1,1,6,9,2,5,7,0,0,1,2,7,2,5,1,2,2,16,0
1005,1,1,1,2,0,0,3,8,2,5,1,0,0,3,2,8,1,2,0,2,5,6,0
703,4,0,1,3,0,0,6,9,3,5,0,0,0,0,2,6,1,2,2,2,5,4,0
414,3,1,1,1,1,1,5,11,1,5,6,0,0,0,2,8,1,3,1,2,1,13,0
801,0,0,1,3,0,2,4,5,4,5,5,0,0,2,2,3,1,7,3,3,5,2,0
192,0,1,1,1,0,1,9,10,5,5,1,0,0,3,2,8,3,0,0,2,5,9,0
409,1,1,1,1,0,1,7,6,0,5,2,0,0,1,2,8,1,2,0,2,5,4,0
714,2,0,1,4,0,1,8,7,2,5,3,0,1,0,2,8,2,2,1,2,5,1,0
278,3,2,1,1,1,2,4,8,4,3,6,0,0,3,2,7,1,2,0,2,5,3,0
192,0,1,1,1,0,1,9,11,5,5,1,0,0,3,2,8,3,0,0,2,5,9,0
503,4,1,1,2,0,1,7,7,2,5,7,0,0,2,2,8,2,2,2,2,5,9,0
409,0,0,1,1,0,1,8,6,0,5,1,0,0,2,2,8,1,2,0,1,5,2,0
377,3,0,1,2,1,1,0,6,4,5,5,0,0,3,2,1,2,2,0,1,5,1,0
873,5,1,1,1,0,1,6,5,3,5,1,0,0,2,2,1,2,2,0,2,5,9,0
312,3,1,1,4,0,2,3,6,1,5,1,1,0,3,2,8,2,3,0,2,5,9,0
656,3,1,1,4,0,0,7,6,2,5,2,0,0,0,2,6,1,3,0,2,5,6,0
375,4,1,1,2,0,1,2,2,4,5,1,0,3,3,4,2,2,2,2,2,4,0,0
657,3,0,1,4,0,1,7,6,4,5,1,0,0,0,2,7,2,3,0,2,5,3,0
377,4,1,1,3,0,2,5,7,2,5,3,0,1,3,3,8,2,2,2,2,3,11,0
463,2,1,1,2,0,2,0,9,4,4,7,0,0,2,2,8,2,1,0,2,5,11,0
415,4,0,1,4,0,0,7,8,2,5,6,0,0,0,2,8,2,2,2,2,5,13,0
98,5,0,1,5,0,1,2,8,3,5,5,0,0,3,2,2,2,2,2,2,5,2,0
415,4,0,1,2,1,0,7,10,2,5,5,0,0,0,2,8,2,3,1,1,2,15,0
307,2,1,1,3,0,1,0,8,2,5,4,0,1,3,2,0,2,4,1,2,5,9,0
784,2,3,0,4,0,1,8,5,2,7,1,0,0,0,2,8,1,2,2,2,5,9,0
383,4,1,1,3,0,1,4,7,2,5,7,0,0,3,2,6,2,4,0,2,2,14,0
510,4,1,1,4,0,1,9,7,2,5,7,0,0,2,2,8,2,2,2,2,5,7,0
409,0,0,1,1,0,1,8,6,0,5,1,0,0,2,2,8,1,2,0,1,5,3,0
707,3,0,1,4,0,0,1,9,4,5,0,0,0,0,2,8,1,2,3,3,5,14,0
646,4,0,1,4,0,1,6,7,4,5,0,0,0,1,2,8,2,3,0,2,5,3,0
408,0,1,1,1,0,1,7,6,0,5,1,0,0,1,2,8,1,2,0,2,5,2,0
657,3,0,1,2,1,1,0,10,4,5,0,0,0,0,2,8,2,2,1,2,5,1,0
306,2,1,1,3,0,1,0,8,2,5,4,0,1,3,2,0,2,4,1,2,5,9,0
651,2,0,1,4,0,2,7,4,3,5,3,0,1,0,2,8,1,3,0,1,5,6,0
377,3,0,1,2,1,1,0,6,4,5,5,0,0,3,2,1,2,2,0,1,5,1,0
705,3,0,1,4,0,1,8,7,3,5,1,0,0,0,2,8,1,2,3,3,5,6,0
312,3,1,1,2,0,0,0,7,3,5,1,0,0,3,2,0,2,3,0,2,5,9,0
795,1,2,1,3,0,2,7,4,2,6,1,0,0,0,2,8,1,2,3,3,5,9,0
719,1,0,1,4,0,2,11,7,3,5,5,0,2,0,3,8,1,3,0,2,4,2,0
413,3,1,1,1,1,1,5,10,1,5,5,0,0,0,2,8,1,3,1,2,1,12,0
380,4,1,1,2,0,1,0,8,1,5,6,0,0,3,2,8,2,2,2,2,0,10,0
470,2,0,1,4,0,1,2,8,4,2,7,0,0,2,2,8,2,2,1,2,5,1,0
467,2,1,1,4,0,1,7,6,3,5,7,0,0,2,2,8,2,2,2,2,5,0,0
98,6,0,1,4,0,2,4,7,2,5,7,0,0,3,2,6,2,10,0,2,5,1,0
622,6,0,1,4,1,1,5,6,4,5,0,0,0,2,2,8,1,2,2,2,5,6,0
375,4,1,1,4,0,2,8,7,4,5,1,0,3,3,4,8,2,2,2,2,3,8,0
374,3,0,1,4,0,2,7,6,4,5,1,0,3,3,4,7,2,2,2,2,5,12,0
599,4,1,1,3,0,0,5,4,5,6,1,0,2,0,3,8,1,2,0,1,5,0,0
467,2,0,1,0,1,2,0,9,4,5,7,0,0,2,2,8,2,1,0,2,5,11,0
657,3,0,1,2,1,1,3,9,4,5,0,0,0,0,2,5,2,2,3,3,5,1,0
312,3,1,1,4,0,2,4,6,1,5,1,1,0,3,2,8,2,2,0,2,5,9,0
213,1,2,1,1,0,1,6,3,3,5,4,0,0,3,2,4,1,5,0,2,5,5,0
101,3,0,1,4,2,3,7,7,2,5,1,0,0,3,2,2,2,2,2,2,5,5,0
876,6,0,1,3,0,1,5,8,1,3,2,0,2,0,2,5,2,2,2,2,5,10,0
7,3,2,1,4,0,3,7,8,3,5,7,0,0,0,2,8,2,2,0,2,5,9,0
380,4,0,1,2,1,1,1,7,4,5,6,0,0,3,2,2,2,2,0,1,4,0,0
226,1,2,1,1,0,1,7,2,6,5,6,0,0,3,2,2,1,1,0,2,5,9,0
704,4,0,1,4,0,1,10,9,6,5,1,0,0,0,2,8,1,2,2,2,4,9,0
312,3,1,1,3,1,1,0,7,4,5,1,1,0,3,2,0,2,3,1,2,5,9,0
657,3,0,1,4,0,2,5,7,5,5,1,0,0,0,2,4,2,2,1,2,5,6,0
655,5,3,1,4,0,0,8,6,0,5,6,0,0,0,2,2,1,2,3,3,5,12,0
312,3,1,1,3,0,2,4,7,2,5,1,1,0,3,2,7,2,2,0,2,5,9,0
375,4,1,1,2,0,1,1,1,4,5,2,0,2,2,3,2,1,2,1,2,5,1,0
470,2,0,1,4,0,1,3,8,4,3,7,0,0,2,2,8,2,2,1,2,5,1,0
101,3,0,1,2,0,1,7,3,2,5,1,0,0,3,2,2,2,2,2,2,5,4,0
166,3,1,1,2,1,1,6,6,0,5,4,0,1,3,2,3,2,9,1,2,5,5,0
874,5,0,1,3,0,1,4,8,1,3,2,0,2,0,2,6,1,2,3,3,5,10,0
98,5,0,1,4,0,2,5,7,2,5,6,0,0,3,2,7,2,10,0,2,5,2,0
98,5,0,1,5,0,1,1,8,3,5,6,0,0,3,2,1,2,2,2,2,5,2,0
633,6,0,1,2,2,1,8,3,2,5,0,0,0,3,2,3,2,2,2,2,5,1,0
574,4,2,1,4,1,0,2,6,6,5,4,0,3,0,2,8,2,2,1,1,5,1,0
149,4,0,1,4,2,1,8,6,0,5,5,0,2,3,2,1,1,7,2,2,5,7,0
192,0,1,1,1,0,1,7,1,4,5,1,0,0,3,2,8,3,0,1,2,5,9,0
280,3,2,1,1,0,1,4,8,3,3,6,0,0,3,2,6,1,2,0,2,5,4,0
123,5,1,1,3,0,2,0,7,4,5,5,0,0,3,2,6,1,2,0,2,5,9,0
795,0,0,1,3,0,2,2,4,4,5,4,0,0,1,2,4,1,5,3,3,5,4,0
463,2,2,1,1,1,2,5,2,1,5,7,0,0,3,2,8,2,2,3,3,5,0,0
470,2,0,1,4,0,1,5,7,4,3,7,0,0,2,2,8,2,2,1,2,5,0,0
101,3,0,1,2,0,1,7,3,2,5,1,0,0,3,2,4,2,2,1,2,5,1,0
380,4,1,1,2,0,1,0,8,1,5,6,0,0,3,2,8,2,2,2,2,0,9,0
26,3,2,1,4,0,2,6,9,4,5,7,0,0,0,2,6,2,2,1,2,5,8,0
603,2,0,1,1,1,2,4,0,4,5,1,0,0,2,2,8,1,2,0,1,5,1,0
536,4,2,1,3,1,1,1,4,4,5,7,0,1,1,2,8,2,2,2,2,5,9,0
312,3,1,1,4,1,2,2,7,4,5,1,2,0,3,2,3,2,2,1,2,5,9,0
657,3,0,1,4,0,2,3,8,6,5,1,0,0,0,2,2,2,2,2,2,5,8,0
463,2,2,1,1,0,3,10,8,1,5,7,0,0,3,2,8,2,2,1,2,5,6,0
549,4,3,0,0,1,0,4,6,3,5,7,0,2,0,2,2,2,2,2,2,5,10,0
601,2,1,1,1,1,2,5,0,4,5,1,0,0,2,2,8,1,2,0,1,5,0,0
289,3,2,1,2,1,2,2,8,4,3,4,0,0,3,2,4,1,2,0,2,5,5,0