Time,Day_of_week,Age_band_of_driver,Sex_of_driver,Educational_level,Vehicle_driver_relation,Driving_experience,Type_of_vehicle,Area_accident_occured,Lanes_or_Medians,Road_allignment,Types_of_Junction,Road_surface_type,Road_surface_conditions,Light_conditions,Weather_conditions,Type_of_collision,Number_of_vehicles_involved,Vehicle_movement,Casualty_class,Casualty_severity,Pedestrian_movement,Cause_of_accident,Accident_severity
994,1,2,1,2,0,1,6,6,3,5,3,0,1,3,2,4,1,6,0,2,5,8,0
622,6,0,1,2,0,0,4,8,4,5,1,0,3,0,4,8,1,2,0,1,5,11,0
308,3,1,1,1,0,0,0,7,2,4,1,0,0,3,2,0,1,4,0,2,5,9,0
467,2,0,1,0,1,2,0,9,4,5,7,0,0,2,2,8,2,1,0,2,5,11,0
109,2,0,1,0,0,0,1,7,4,5,1,1,0,3,2,1,1,2,0,2,5,9,0
386,4,0,1,2,0,0,2,8,1,5,6,0,0,3,2,8,2,2,1,1,0,10,0
110,2,0,1,0,0,0,0,7,4,5,1,1,0,3,2,1,1,2,0,2,5,9,0
613,4,0,1,1,0,1,4,4,4,5,1,0,1,1,3,8,1,2,0,1,5,6,0
771,3,3,0,4,0,1,6,5,3,7,1,0,0,0,2,8,1,2,2,2,5,9,0
31,3,2,1,4,0,2,8,9,4,5,5,0,0,0,2,6,2,2,1,2,5,10,0
82,3,0,1,4,1,3,5,6,2,5,2,0,0,2,2,3,2,2,1,2,5,0,0
652,2,0,1,4,0,3,5,6,4,5,3,0,1,0,2,4,1,2,1,2,5,9,0
657,3,0,1,2,0,1,0,9,5,5,0,0,0,0,2,8,2,2,1,2,5,2,0
659,1,0,1,1,0,2,4,6,0,1,6,0,0,0,2,7,1,4,3,3,5,9,0
153,4,1,1,3,1,1,6,6,0,5,6,0,2,3,2,1,2,9,2,2,5,8,0
792,1,2,1,3,0,2,6,3,2,6,1,0,0,0,2,8,1,2,3,3,5,9,0
183,0,1,1,1,0,1,9,11,4,5,2,0,0,3,2,6,2,1,0,2,5,9,0
64,3,0,1,4,1,2,4,6,2,5,3,0,0,1,2,4,2,2,1,2,5,0,0
463,2,2,1,1,0,3,6,9,2,5,7,0,0,3,2,8,2,1,0,2,5,9,0
767,2,2,0,3,0,1,2,3,4,6,1,0,0,0,2,8,1,2,2,2,5,9,0
192,0,2,1,1,0,2,5,4,1,5,1,0,0,3,2,8,3,6,0,2,5,3,0
59,4,1,1,4,0,3,6,7,2,5,7,0,0,1,2,8,2,7,0,2,5,4,0
654,5,3,1,4,0,0,8,5,0,5,7,0,0,0,2,2,1,2,2,2,5,12,0
707,3,1,1,1,0,2,0,9,2,5,0,0,0,0,2,1,1,2,0,2,5,9,0
312,3,1,1,3,0,2,4,7,2,5,1,1,0,3,2,7,2,2,0,2,5,9,0
508,4,1,1,4,0,1,9,7,2,5,7,0,0,2,2,8,2,2,2,2,5,7,0
465,2,1,1,0,0,3,6,9,2,5,7,0,0,2,2,8,2,2,1,2,5,9,0
141,5,1,1,4,1,1,4,6,1,5,7,0,1,3,2,3,1,6,2,2,5,9,0
101,3,0,1,4,2,3,7,7,2,5,1,0,0,3,2,2,2,2,2,2,5,1,0
711,2,0,1,4,0,0,2,8,3,5,1,0,0,0,2,8,2,2,2,2,5,12,0
768,1,2,0,2,0,1,2,3,4,5,1,0,0,0,2,8,1,2,2,2,5,10,0
659,1,0,1,1,0,1,4,6,0,1,7,0,0,0,2,7,1,4,3,3,5,9,0
301,3,1,1,3,0,2,1,6,1,4,2,0,0,3,2,8,1,5,0,2,5,7,0
388,4,1,1,3,0,2,7,6,3,5,5,0,0,2,2,6,1,6,0,2,5,15,0
45,4,1,1,4,0,2,4,9,4,5,7,0,0,1,2,5,2,2,1,2,5,7,0
541,4,3,0,1,1,0,6,7,3,5,7,0,1,1,2,4,2,2,2,2,5,9,0
281,2,2,1,1,0,2,3,9,3,3,7,0,0,3,2,6,1,2,0,2,5,4,0
284,2,2,1,2,0,2,3,9,3,3,7,0,1,3,2,5,1,2,1,2,5,5,0
463,2,3,1,3,0,2,10,6,1,5,7,0,0,3,2,8,2,2,2,2,5,1,0
378,4,0,1,2,1,1,4,7,4,5,4,0,1,3,2,4,2,2,0,1,3,0,0
636,3,0,1,3,0,2,6,5,2,5,4,0,3,0,4,8,1,2,0,1,5,10,0
463,2,2,1,1,1,2,4,2,1,5,7,0,0,3,2,8,2,2,3,3,5,0,0
569,2,1,0,2,0,0,7,8,1,5,3,0,1,0,2,2,1,2,2,2,5,5,0
655,3,0,1,4,0,1,0,7,5,5,0,0,0,0,2,8,2,2,0,2,5,3,0
657,3,0,1,4,0,1,3,7,5,5,1,0,0,0,2,8,2,6,1,2,5,1,0
375,4,1,1,4,0,2,9,7,4,5,1,0,3,3,4,8,2,2,2,2,2,5,0
657,3,0,1,4,0,1,5,6,4,5,1,0,0,0,2,8,2,5,0,2,5,2,0
465,2,1,1,2,0,2,0,9,4,3,7,0,0,2,2,8,2,1,0,2,5,8,0
374,3,1,1,2,0,1,0,1,4,5,1,0,3,3,4,1,2,2,1,2,5,1,0
192,0,2,1,1,0,2,5,3,1,5,1,0,0,3,2,8,3,5,0,2,5,3,0
1002,1,1,1,4,0,2,2,7,2,5,4,0,1,3,2,4,1,6,0,2,5,11,0
384,4,1,1,4,0,2,8,6,4,5,6,0,0,3,2,6,2,6,0,2,5,17,0
101,3,0,1,2,0,2,7,3,2,5,1,0,0,3,2,2,2,3,2,2,5,0,0
1007,1,1,1,3,0,0,2,8,2,5,1,0,0,3,2,8,1,2,0,2,5,7,0
309,2,1,1,4,1,2,0,7,5,5,2,1,0,3,2,0,2,2,2,2,5,9,0
223,1,2,1,1,0,1,7,2,6,5,5,0,0,3,2,3,1,1,0,2,5,10,0
657,3,0,1,1,1,1,1,10,4,5,0,0,0,0,2,6,2,2,3,3,5,1,0
463,2,2,1,1,0,3,8,9,2,5,7,0,0,3,2,8,2,1,0,2,5,9,0
146,5,1,1,4,1,1,6,6,0,5,7,0,2,3,2,1,1,8,2,2,5,9,0
375,4,1,1,3,0,1,6,5,4,5,1,0,3,3,4,5,2,2,2,2,2,0,0
995,1,2,1,1,0,0,7,6,3,5,1,0,0,3,2,7,1,3,0,2,5,5,0
464,2,3,1,4,0,1,9,6,1,5,7,0,0,2,2,8,2,2,2,2,5,0,0
312,3,1,1,4,0,2,0,6,1,5,1,0,0,3,2,5,2,5,0,2,5,9,0
415,4,0,1,4,0,0,8,8,2,5,5,0,0,0,2,8,2,2,2,2,5,13,0
1008,1,1,1,3,0,0,2,8,2,5,1,0,0,3,2,8,1,2,0,2,5,7,0
868,5,0,1,1,0,1,5,6,4,5,1,0,0,3,2,1,1,2,0,2,5,8,0
891,5,1,1,1,0,1,5,6,3,5,1,0,0,3,2,1,1,3,0,2,5,10,0
192,0,0,1,1,0,2,7,2,5,5,1,0,0,3,2,8,3,0,0,2,5,12,0
378,4,0,1,2,1,1,4,7,4,5,4,0,1,3,2,4,2,2,0,1,3,0,0
311,2,1,1,4,0,2,0,6,0,5,1,0,0,3,2,7,2,6,0,2,5,9,0
464,2,1,1,0,0,3,7,9,2,5,7,0,0,2,2,8,2,2,1,2,5,9,0
638,4,0,1,2,1,2,8,2,2,5,2,0,1,1,2,4,1,2,1,2,5,4,0
657,3,0,1,4,0,2,3,8,6,5,1,0,0,0,2,3,2,2,2,2,5,7,0
633,6,0,1,3,2,1,6,5,3,5,0,0,0,3,2,5,2,2,2,2,5,3,0
409,4,0,1,4,0,0,12,6,4,5,2,0,0,3,2,7,2,2,0,1,5,13,0
912,4,1,1,1,0,1,4,6,3,5,1,0,0,3,2,2,2,2,0,2,5,9,0
143,5,1,1,3,1,1,7,6,0,5,7,0,2,3,2,2,1,7,3,3,5,9,0
590,4,1,1,4,0,2,7,5,2,5,1,0,1,0,3,5,1,2,3,3,5,5,0
707,3,0,1,4,0,0,0,9,4,5,0,0,0,0,2,8,1,2,3,3,5,15,0
587,3,0,1,4,0,1,8,6,1,5,1,0,1,0,2,4,1,2,3,3,5,4,0
312,3,1,1,2,0,0,0,7,3,5,1,0,0,3,2,0,2,3,0,2,5,9,0
99,4,0,1,4,0,1,2,5,3,5,4,0,0,3,2,1,2,2,2,2,5,2,0
721,1,0,1,4,0,2,10,7,2,5,6,0,2,0,3,8,1,3,0,2,4,2,0
110,2,0,1,0,0,0,1,7,4,5,1,1,0,3,2,1,1,2,0,2,5,9,0
100,3,0,1,1,0,1,6,2,2,5,2,0,0,3,2,3,2,5,1,2,5,1,0
712,2,1,1,1,0,2,2,8,2,5,2,0,0,0,2,3,2,2,0,2,5,7,0
302,3,1,1,3,0,2,5,7,2,4,2,1,0,3,2,8,1,2,0,2,5,7,0
101,3,0,1,2,1,2,7,4,2,5,1,0,0,3,2,2,2,3,2,2,5,0,0
898,5,1,1,1,0,1,5,6,3,5,2,0,0,3,2,1,1,3,0,2,5,10,0
657,3,0,1,4,0,1,1,8,5,5,1,0,0,0,2,8,2,8,2,2,5,0,0
311,2,1,1,4,1,2,0,7,5,5,1,1,0,3,2,0,2,2,2,2,5,9,0
312,3,1,1,4,0,2,0,6,2,5,1,0,0,3,2,4,2,5,0,2,5,9,0
383,4,1,1,3,0,1,4,7,2,5,7,0,0,3,2,6,2,4,0,2,2,14,0
376,4,1,1,2,0,1,0,2,4,5,2,0,2,3,3,1,2,2,1,1,5,1,0
554,4,3,0,2,2,0,1,7,5,5,7,0,3,0,2,5,3,2,2,2,5,5,0
990,2,2,1,1,0,0,7,7,3,4,1,0,0,2,2,7,1,2,0,2,5,4,0
415,4,0,1,4,0,0,7,8,2,5,6,0,0,0,2,8,2,2,2,2,5,13,0
149,4,1,1,4,0,2,0,8,3,5,6,0,2,3,2,2,1,2,0,1,5,1,0
52,4,1,1,4,0,2,4,9,4,5,7,0,0,1,2,4,2,2,1,2,5,6,0
708,3,0,1,2,0,1,4,7,2,5,0,0,0,0,2,5,2,2,1,2,5,4,0
371,3,0,1,4,0,1,0,5,4,5,1,0,2,2,3,1,1,4,0,2,5,3,0
375,4,1,1,4,0,2,8,7,4,5,1,0,3,3,4,8,2,2,2,2,3,9,0
373,3,0,1,3,0,1,0,6,4,5,2,0,2,3,3,1,2,4,0,1,5,2,0
375,4,1,1,4,0,2,9,7,4,5,1,0,3,3,4,8,2,2,2,2,2,4,0
782,0,1,1,2,0,2,0,1,3,5,1,0,0,0,2,8,1,2,3,3,5,10,0
706,3,0,1,4,0,0,7,7,2,5,1,0,0,0,2,8,1,2,3,3,5,1,0
783,0,1,1,2,0,2,1,1,3,5,1,0,0,0,2,8,1,2,3,3,5,10,0
414,3,1,1,3,0,0,7,8,1,5,6,0,0,0,2,8,1,2,2,2,5,13,0
138,5,2,1,4,0,3,0,8,4,5,7,0,1,3,2,4,1,2,0,1,5,4,0
467,2,1,1,4,0,1,2,8,3,2,7,0,0,2,2,8,2,2,1,2,5,2,0
101,3,0,1,3,1,1,8,6,2,5,1,0,0,3,2,7,2,2,0,2,5,1,0
287,3,2,1,2,0,2,5,8,3,3,4,0,0,3,2,8,1,2,0,2,5,5,0
382,4,1,1,4,0,2,8,6,4,5,5,0,0,3,2,6,2,5,0,2,3,13,0
312,3,1,1,2,0,0,0,7,2,5,1,0,0,3,2,0,2,4,0,2,5,9,0
75,3,0,1,4,1,1,6,6,2,5,2,0,0,2,2,8,2,2,0,2,5,1,0
27,3,0,1,4,0,1,1,6,3,5,5,0,0,0,2,6,2,2,1,2,5,0,0
650,2,0,1,4,0,3,6,5,3,5,4,0,1,0,3,5,1,2,1,1,5,9,0
996,1,1,1,4,0,2,3,6,2,5,5,0,2,3,2,2,1,10,0,2,5,11,0
825,2,0,1,2,0,1,2,4,2,4,1,0,1,0,2,7,1,2,3,3,5,10,0
541,4,3,0,1,1,0,6,7,3,5,7,0,1,1,2,4,2,2,2,2,5,9,0
263,2,3,1,1,0,1,5,7,4,3,7,0,0,3,2,6,1,2,0,2,5,4,0
704,4,0,1,4,0,1,6,9,5,5,0,0,0,0,2,8,1,2,3,3,5,13,0
657,3,0,1,4,0,2,2,8,6,5,1,0,0,0,2,4,2,2,1,2,5,6,0
373,4,0,1,4,0,2,3,4,4,5,5,0,0,0,2,4,1,2,0,2,5,3,0
375,4,1,1,4,0,2,8,6,4,5,2,0,2,2,3,7,1,2,1,2,2,0,0
375,4,1,1,3,0,1,6,4,4,5,1,0,3,3,4,5,2,2,2,2,2,0,0
530,4,1,1,2,0,1,1,3,3,5,7,0,1,1,2,8,2,2,2,2,5,12,0
192,0,0,1,1,0,1,8,7,6,5,1,0,0,3,2,8,3,0,0,2,5,12,0
657,2,0,1,3,0,2,7,6,3,4,1,0,0,0,2,2,1,2,3,3,5,3,0
653,5,3,1,4,0,0,8,5,0,5,7,0,0,0,2,2,1,2,2,2,5,12,0
605,6,1,1,3,0,2,4,3,4,5,1,0,3,0,4,8,1,2,2,2,5,9,0
576,4,3,0,1,1,1,5,4,4,5,4,0,3,0,2,4,2,2,2,2,5,9,0
304,2,1,1,4,0,2,0,8,2,5,6,0,2,3,2,2,2,4,2,2,5,9,0
876,6,0,1,1,0,1,5,6,3,4,1,0,0,2,2,1,2,2,0,2,5,10,0
192,0,1,1,1,0,1,8,11,4,5,1,0,0,3,2,8,3,2,0,2,5,7,0
194,0,1,1,1,0,1,9,12,6,5,1,0,0,3,2,7,2,0,0,2,5,9,0
719,1,0,1,4,0,2,11,7,3,5,5,0,2,0,3,8,1,3,0,2,4,2,0
381,4,1,1,2,0,1,1,8,1,5,7,0,0,3,2,7,2,3,1,2,1,11,0
1000,1,1,1,4,0,2,3,6,2,5,4,0,1,3,2,3,1,9,0,2,5,10,0
463,2,3,1,2,0,2,7,4,1,5,7,0,0,3,2,8,2,2,3,3,5,0,0
196,0,1,1,1,0,1,9,11,6,5,1,0,0,3,2,7,2,0,0,2,5,9,0
591,4,1,1,4,0,0,7,7,3,6,1,0,1,0,3,5,1,2,1,1,5,0,0
560,4,3,0,0,1,0,5,6,4,5,6,0,3,0,2,2,2,2,2,2,5,9,0
1003,1,1,1,4,0,1,2,6,2,5,3,0,1,3,2,4,1,8,0,2,5,9,0
756,3,3,0,4,0,1,5,5,3,7,1,0,0,0,2,8,1,2,2,2,5,9,0
463,2,2,1,1,1,2,2,4,2,5,7,0,0,3,2,8,2,1,1,2,5,5,0
702,4,0,1,4,0,1,9,8,5,5,1,0,0,0,2,8,1,2,3,3,5,11,0
470,2,0,1,0,1,1,0,9,4,5,7,0,0,2,2,8,2,2,1,2,5,9,0
657,3,0,1,1,1,1,0,11,4,5,0,0,0,0,2,8,2,2,3,3,5,0,0
299,3,1,1,2,0,2,5,7,2,4,3,1,0,3,2,8,1,2,0,2,5,6,0
467,2,1,1,4,0,1,7,6,3,5,7,0,0,2,2,8,2,2,2,2,5,0,0
470,2,0,1,2,0,1,0,9,4,2,7,0,0,2,2,8,2,2,1,2,5,6,0
375,4,1,1,4,0,2,6,4,4,5,5,0,0,0,2,6,1,2,0,2,3,2,0
372,3,0,1,4,0,1,1,5,4,5,3,0,1,1,3,2,1,3,0,2,5,3,0
657,3,0,1,4,0,2,3,8,6,5,1,0,0,0,2,2,2,2,2,2,5,8,0
415,4,1,1,2,1,0,5,11,2,5,7,0,0,0,2,8,2,3,2,2,1,15,0
371,3,0,1,4,0,1,1,6,4,5,1,0,3,3,4,1,2,4,0,2,4,2,0
633,5,1,1,2,1,2,8,2,2,5,0,0,0,2,2,2,2,2,3,3,5,1,0
405,0,0,1,1,0,1,6,6,0,5,1,0,0,2,2,7,1,2,0,1,5,1,0
599,6,2,1,4,0,0,5,5,5,6,1,0,3,0,4,8,1,2,0,1,5,1,0
312,3,1,1,4,0,2,1,6,0,5,1,0,0,3,2,8,2,5,0,2,5,9,0
818,3,2,1,4,0,1,8,6,1,5,1,0,0,0,2,7,2,2,3,3,5,9,0
415,4,1,1,3,0,0,6,9,2,5,7,0,0,0,2,8,2,2,2,2,4,14,0
656,4,2,1,4,0,1,6,7,3,5,3,0,0,0,2,2,1,2,3,3,5,10,0
656,3,1,1,4,0,2,5,8,4,5,2,0,0,0,2,2,1,2,3,3,5,10,0
621,4,1,1,1,2,2,7,1,2,5,0,0,0,3,2,4,2,2,1,2,5,1,0
119,4,1,1,1,0,0,4,6,2,5,4,0,0,3,2,4,1,2,1,2,5,9,0
193,0,1,1,1,0,1,9,12,6,5,1,0,0,3,2,7,2,0,0,2,5,9,0
102,4,0,1,4,0,0,0,8,4,5,5,0,0,3,2,1,1,2,2,2,5,4,0
644,2,0,1,3,0,3,8,2,2,5,6,0,2,0,3,7,1,2,0,1,5,9,0
381,4,0,1,2,0,1,0,8,1,5,7,0,0,3,2,6,2,2,1,1,1,7,0
150,5,1,1,4,1,1,5,6,1,5,7,0,3,3,2,1,2,7,2,2,5,6,0
414,3,1,1,1,1,1,5,11,1,5,6,0,0,0,2,8,1,3,1,2,1,14,0
831,2,0,1,4,0,1,5,7,2,4,5,0,1,1,2,3,1,6,3,3,5,3,0
98,6,0,1,4,0,2,4,7,2,5,7,0,0,3,2,7,2,10,0,2,5,1,0
376,4,1,1,3,0,2,6,7,3,5,2,0,2,3,3,8,2,2,2,2,3,12,0
633,6,0,1,2,2,1,8,2,2,5,0,0,0,3,2,2,2,2,2,2,5,1,0
305,2,1,1,4,0,2,0,8,3,5,5,1,2,3,2,0,2,3,2,2,5,9,0
575,2,0,1,4,0,0,7,8,1,5,2,0,0,0,2,3,1,2,2,2,5,2,0
463,2,1,1,1,1,1,3,2,2,5,7,0,0,2,2,8,2,2,3,3,5,1,0
146,5,1,1,4,1,1,6,6,0,5,7,0,2,3,2,1,1,8,2,2,5,9,0
945,3,0,1,4,0,1,2,7,1,4,1,0,1,1,2,7,2,4,1,2,5,8,0
101,3,0,1,3,1,1,8,6,2,5,1,0,0,3,2,7,2,2,0,2,5,1,0
463,2,2,1,1,0,3,7,9,2,5,7,0,0,3,2,8,2,1,0,2,5,9,0
133,4,1,1,4,0,2,5,7,3,5,4,0,0,3,2,5,1,2,1,1,5,6,0
312,3,1,1,4,1,2,0,6,5,5,1,1,0,3,2,0,2,2,1,2,5,9,0
466,2,1,1,4,0,1,4,8,2,2,7,0,0,2,2,8,2,2,1,2,5,1,0
657,3,0,1,2,0,2,2,10,5,5,0,0,0,0,2,4,2,2,3,3,5,6,0
793,0,0,1,2,0,2,2,3,4,5,3,0,0,1,2,5,1,5,3,3,5,5,0
645,2,0,1,4,0,3,7,2,2,5,6,0,2,0,3,8,1,2,0,1,5,9,0
382,4,0,1,2,1,1,2,6,4,5,7,0,0,3,2,3,2,3,0,1,5,6,0
712,2,0,1,4,0,0,3,8,3,5,2,0,0,0,2,8,2,2,2,2,5,11,0
29,3,2,1,4,0,2,8,8,3,5,5,0,0,0,2,8,2,2,0,2,5,7,0
389,4,1,1,2,0,1,1,9,1,5,7,0,0,2,2,8,2,2,2,2,0,11,0
794,1,2,1,3,0,2,7,4,2,6,1,0,0,0,2,8,1,2,3,3,5,9,0
467,2,0,1,0,1,2,3,9,3,5,7,0,0,2,2,8,2,2,1,2,5,10,0
99,4,0,1,2,0,2,5,4,2,5,4,0,0,3,2,5,2,7,0,2,5,1,0
640,5,0,1,2,1,1,8,3,2,5,0,0,0,2,2,3,2,2,2,2,5,1,0
601,3,1,1,1,1,3,5,0,4,5,1,0,0,2,2,8,1,2,0,2,5,3,0
303,2,1,1,4,0,2,0,8,2,5,6,0,2,3,2,1,2,4,2,2,5,9,0
743,4,2,0,4,0,0,7,6,4,6,1,0,0,0,2,8,1,2,2,2,4,6,0
748,0,1,1,3,0,2,5,4,2,5,4,0,1,0,3,8,1,2,1,2,5,6,0
312,3,1,1,3,1,1,0,7,5,5,1,1,0,3,2,0,2,2,1,2,5,9,0
104,2,0,1,2,1,1,6,8,4,5,1,0,0,3,2,1,1,2,2,2,5,11,0
126,6,2,1,3,0,2,0,6,3,5,7,0,0,3,2,8,1,2,1,2,5,9,0
394,2,1,1,2,0,2,7,6,2,5,4,0,0,2,2,6,1,4,0,2,5,11,0
656,4,2,1,2,0,0,7,6,0,3,7,0,0,0,2,4,1,3,3,3,5,11,0
657,3,1,1,2,0,1,6,6,0,2,7,0,0,0,2,5,1,3,3,3,5,10,0
649,3,0,1,4,0,1,1,7,5,5,0,0,0,0,2,8,2,2,0,2,5,3,0
375,4,1,1,4,0,2,9,6,4,5,2,0,2,2,3,7,1,2,1,2,1,0,0
147,2,0,1,4,2,1,12,6,1,5,2,0,0,3,2,1,1,4,2,1,5,4,0
236,2,3,1,1,0,1,6,2,5,4,7,0,0,3,2,2,1,2,0,2,5,8,0
629,6,0,1,3,1,1,4,9,4,5,0,0,1,1,2,8,1,2,1,1,5,7,0
631,4,0,1,2,0,2,5,6,3,5,3,0,3,0,4,8,1,2,0,1,5,11,0
823,1,0,1,3,0,1,5,6,4,5,5,0,0,3,2,1,1,7,2,2,5,2,0
312,3,1,1,4,0,2,0,6,2,5,1,0,0,3,2,4,2,4,0,2,5,9,0
657,3,0,1,2,1,1,3,9,4,5,0,0,0,0,2,8,2,2,1,2,5,1,0
657,3,0,1,4,0,2,1,6,5,5,1,0,0,0,2,6,2,2,0,2,5,3,0
614,6,0,1,2,0,0,4,7,4,5,1,0,3,0,4,8,1,2,0,1,5,7,0
463,2,1,1,2,0,2,0,9,4,4,7,0,0,2,2,8,2,1,0,2,5,11,0
130,5,2,1,2,0,1,6,6,2,5,7,0,0,3,2,6,1,2,2,2,5,8,0
375,4,1,1,3,0,2,4,3,4,5,6,0,0,0,2,5,1,2,0,2,5,2,0
592,4,1,1,4,0,2,6,4,2,5,1,0,1,0,3,5,1,2,3,3,5,6,0
702,4,0,1,4,0,0,9,9,4,5,1,0,0,0,2,8,1,2,2,2,4,2,0
657,3,2,1,2,0,0,6,6,0,3,7,0,0,0,2,4,1,3,3,3,5,11,0
705,4,0,1,4,0,1,11,9,6,5,1,0,0,0,2,8,1,3,2,2,3,7,0
128,5,2,1,4,0,3,0,7,4,5,7,0,0,3,2,7,1,2,0,1,5,8,0
633,6,0,1,2,2,1,8,2,2,5,0,0,0,3,2,2,2,2,2,2,5,1,0
934,3,1,1,2,0,2,5,6,2,5,4,0,1,3,2,1,1,6,0,2,5,11,0
470,2,0,1,4,0,1,3,8,4,2,7,0,0,2,2,8,2,2,1,2,5,1,0
1001,1,2,1,2,0,0,5,7,3,5,1,0,0,3,2,8,1,2,0,2,5,5,0
375,4,1,1,4,0,3,5,4,4,5,5,0,0,0,2,6,1,2,0,2,5,5,0
383,4,0,1,3,0,1,5,6,4,5,7,0,0,3,2,4,2,5,0,1,5,13,0
378,3,0,1,2,1,1,0,6,4,5,5,0,0,3,2,1,2,2,0,1,5,1,0
790,0,0,1,2,0,2,1,3,4,5,3,0,0,1,2,5,1,4,3,3,5,7,0
372,3,0,1,3,0,1,0,6,4,5,2,0,2,3,3,1,2,4,0,1,5,2,0
300,3,1,1,3,0,2,1,6,1,4,2,0,0,3,2,8,1,5,0,2,5,7,0
465,2,1,1,0,0,3,6,9,2,5,7,0,0,2,2,8,2,2,1,2,5,9,0
411,1,1,1,2,0,1,7,7,0,5,3,0,0,1,2,8,1,2,1,2,5,7,0
467,2,0,1,0,1,2,3,9,3,5,7,0,0,2,2,8,2,2,1,2,5,10,0
7,3,2,1,4,0,2,7,8,4,5,7,0,0,0,2,8,2,2,1,2,5,9,0
312,3,1,1,4,0,2,4,7,2,5,1,2,0,3,2,7,2,2,0,2,5,9,0
468,2,0,1,3,0,1,6,5,3,5,7,0,0,2,2,8,2,2,2,2,5,0,0
556,3,2,1,4,1,0,0,7,5,5,6,0,2,0,2,7,2,2,2,2,5,2,0
657,3,0,1,4,0,2,4,6,4,5,1,0,0,0,2,4,2,2,1,2,5,3,0
466,2,1,1,2,0,2,8,8,2,5,7,0,0,2,2,8,2,2,1,2,5,4,0
657,3,0,1,3,0,1,0,7,5,5,0,0,0,0,2,8,2,2,0,2,5,2,0
657,3,0,1,4,0,1,7,6,4,5,1,0,0,0,2,3,2,2,2,2,5,3,0
380,4,1,1,4,0,2,8,6,4,5,4,0,1,3,2,6,2,4,1,2,5,15,0
534,4,1,1,2,0,1,1,3,3,5,7,0,1,1,2,8,2,2,2,2,5,10,0
305,2,1,1,4,0,2,0,8,3,5,5,1,2,3,2,0,2,3,2,2,5,9,0
995,1,2,1,1,0,0,7,6,3,5,2,0,0,3,2,6,1,3,0,2,5,5,0
470,2,0,1,3,0,1,6,7,4,5,7,0,0,2,2,8,2,2,1,2,5,1,0
374,3,0,1,4,0,2,6,6,4,5,1,0,3,3,4,6,2,2,2,2,5,10,0
183,0,1,1,1,0,1,9,11,4,5,2,0,0,3,2,6,2,1,0,2,5,9,0
702,5,0,1,4,0,0,9,9,4,5,1,0,0,0,2,8,1,2,3,3,5,3,0
589,2,0,1,2,0,1,8,5,1,5,1,0,0,1,2,4,1,2,1,2,5,1,0
375,4,1,1,2,0,1,0,1,4,5,1,0,3,3,4,1,2,2,2,2,5,1,0
741,0,1,1,3,0,2,6,5,2,5,5,0,2,0,3,8,1,2,0,2,5,5,0
307,2,1,1,4,0,2,0,7,1,5,3,0,1,3,2,4,2,5,1,2,5,9,0
814,2,0,1,2,0,1,1,3,2,4,1,0,1,0,2,7,1,2,3,3,5,10,0
588,3,0,1,4,0,1,7,6,1,5,1,0,1,0,2,4,1,2,3,3,5,4,0
375,4,1,1,2,0,1,2,2,4,5,3,0,1,1,3,3,1,2,1,2,5,1,0
985,2,1,1,3,0,1,1,6,2,5,1,0,0,3,2,6,2,5,0,2,5,7,0
465,2,1,1,0,0,3,6,9,2,5,7,0,0,2,2,8,2,2,1,2,5,9,0
470,2,0,1,4,0,1,3,7,4,5,7,0,0,2,2,8,2,2,2,2,5,1,0
1005,1,1,1,4,0,1,1,7,2,5,3,0,1,3,2,5,1,5,0,2,5,10,0
738,1,1,1,4,0,2,10,6,2,5,5,0,2,0,3,8,2,3,0,2,5,4,0
375,4,1,1,2,0,1,1,1,4,5,2,0,2,2,3,2,1,2,1,2,5,1,0
708,3,0,1,4,0,0,7,7,2,5,1,0,0,0,2,8,1,2,2,2,4,0,0
716,2,0,1,4,0,2,9,7,2,5,5,0,2,0,3,8,1,2,0,2,5,3,0
127,5,1,1,2,0,1,8,6,2,5,6,0,0,3,2,7,1,2,2,2,5,9,0
308,2,1,1,4,1,2,0,7,4,5,3,1,1,3,2,0,2,2,2,2,5,9,0
192,0,0,1,1,0,2,6,4,4,5,1,0,0,3,2,8,3,2,0,2,5,11,0
101,3,0,1,2,0,2,7,3,2,5,1,0,0,3,2,2,2,3,2,2,5,0,0
376,5,1,1,4,0,2,5,4,4,5,7,0,0,0,2,6,1,2,0,2,5,5,0
294,3,1,1,2,1,2,2,7,5,4,3,1,0,3,2,3,1,2,1,2,5,6,0
712,4,0,1,4,0,0,13,9,5,5,1,0,0,0,2,8,1,4,2,2,2,0,0
986,1,1,1,4,0,2,5,6,1,4,6,0,3,2,2,1,1,10,0,2,5,12,0
100,3,0,1,4,1,1,8,7,2,5,1,0,0,3,2,7,2,2,0,2,5,1,0
708,3,0,1,2,0,1,3,7,2,5,0,0,0,0,2,4,2,2,1,2,5,4,0
415,4,0,1,3,0,0,10,8,3,5,3,0,0,1,2,8,2,2,0,1,3,14,0
373,3,1,1,2,0,1,0,2,4,5,1,0,3,3,4,1,2,2,1,2,5,1,0
44,4,0,1,4,0,1,2,6,3,5,7,0,0,1,2,8,2,6,0,2,5,1,0
375,4,1,1,2,0,1,3,2,4,5,1,0,3,3,4,3,2,2,2,2,3,0,0