Time,Day_of_week,Age_band_of_driver,Sex_of_driver,Educational_level,Vehicle_driver_relation,Driving_experience,Type_of_vehicle,Area_accident_occured,Lanes_or_Medians,Road_allignment,Types_of_Junction,Road_surface_type,Road_surface_conditions,Light_conditions,Weather_conditions,Type_of_collision,Number_of_vehicles_involved,Vehicle_movement,Casualty_class,Casualty_severity,Pedestrian_movement,Cause_of_accident,Accident_severity
891,5,1,1,1,0,0,6,6,4,5,1,0,0,3,2,1,1,2,0,2,5,9,0
780,0,1,0,2,0,1,0,1,4,5,1,0,0,0,2,8,1,2,2,2,5,10,0
896,5,0,1,4,0,1,4,9,1,3,2,0,2,0,2,6,2,2,2,2,5,9,0
905,4,1,1,1,0,1,4,6,3,5,1,0,0,3,2,2,2,3,0,2,5,9,0
16,3,2,1,4,0,2,8,8,3,5,6,0,0,0,2,8,2,2,0,2,5,9,0
469,2,0,1,0,1,2,1,9,3,5,7,0,0,2,2,8,2,2,1,2,5,10,0
143,2,0,1,3,1,0,12,7,2,5,1,0,0,3,2,1,1,2,1,1,5,3,0
463,2,2,1,1,1,2,4,2,2,5,7,0,0,3,2,8,2,2,2,2,5,1,0
378,4,0,1,2,1,1,2,5,4,5,7,0,0,1,2,3,1,2,0,1,5,1,0
598,5,1,1,4,0,2,5,2,3,5,1,0,2,0,3,7,1,2,3,3,5,8,0
708,4,0,1,4,0,0,11,9,5,5,1,0,0,0,2,8,1,3,2,2,3,1,0
517,5,1,1,3,0,1,6,4,2,5,7,0,0,3,2,8,2,2,2,2,5,13,0
312,3,1,1,2,0,0,0,7,2,5,1,0,0,3,2,0,2,4,0,2,5,9,0
141,3,0,1,4,1,1,10,7,2,5,2,0,0,3,2,3,1,2,1,1,5,4,0
892,5,1,1,1,0,0,6,6,4,5,1,0,0,3,2,1,1,2,0,2,5,9,0
802,1,1,1,4,0,2,7,5,2,6,3,0,0,1,2,5,1,5,3,3,5,4,0
934,3,1,1,2,0,1,3,7,3,5,1,0,0,3,2,4,2,2,0,2,5,9,0
218,1,2,1,1,0,1,8,5,6,5,4,0,0,3,2,4,1,1,0,2,5,9,0
463,2,3,1,2,0,2,7,4,1,5,7,0,0,3,2,8,2,2,3,3,5,0,0
192,0,1,1,1,0,1,9,12,5,5,1,0,0,3,2,8,3,0,0,2,5,9,0
599,6,2,1,4,0,2,5,2,4,5,1,0,3,0,4,8,1,2,2,2,5,6,0
312,3,1,1,4,0,2,1,6,0,5,1,0,0,3,2,8,2,5,0,2,5,9,0
703,4,0,1,4,0,1,10,9,6,5,1,0,0,0,2,8,1,2,2,2,4,10,0
1006,1,1,1,2,0,0,2,6,2,5,1,0,0,3,2,8,1,5,0,2,5,5,0
144,4,1,1,3,1,0,6,6,0,5,6,0,2,3,2,1,1,8,2,2,5,9,0
554,4,3,0,1,2,0,3,7,4,5,7,0,3,0,2,3,3,2,2,2,5,7,0
470,2,0,1,0,1,1,0,9,4,5,7,0,0,2,2,8,2,2,1,2,5,9,0
876,6,0,1,1,0,1,5,6,3,4,1,0,0,2,2,2,2,2,0,2,5,10,0
657,3,0,1,4,0,1,6,6,4,5,1,0,0,0,2,8,2,4,0,2,5,2,0
463,2,2,1,1,1,2,5,3,2,5,7,0,0,3,2,8,2,2,2,2,5,2,0
470,2,0,1,4,0,1,0,9,5,4,7,0,0,2,2,8,2,2,2,2,5,3,0
373,4,0,1,4,0,2,2,4,4,5,4,0,1,1,2,3,1,3,0,2,5,3,0
706,3,0,1,4,0,0,7,7,2,5,1,0,0,0,2,8,1,2,3,3,5,1,0
657,3,0,1,1,1,1,0,11,4,5,0,0,0,0,2,8,2,3,3,3,5,0,0
381,4,0,1,2,1,1,0,7,3,5,7,0,0,3,2,2,2,2,0,1,4,1,0
377,4,0,1,3,0,2,2,5,4,5,7,0,0,1,2,4,1,2,0,1,5,2,0
101,3,0,1,4,2,1,9,7,2,5,1,0,0,3,2,5,2,2,1,2,5,6,0
198,0,2,1,1,0,1,7,0,4,5,2,0,0,3,2,6,2,0,1,2,5,9,0
470,2,0,1,4,0,1,4,7,4,3,7,0,0,2,2,8,2,2,1,2,5,0,0
657,3,0,1,2,0,1,0,9,5,5,0,0,0,0,2,8,2,2,1,2,5,2,0
584,2,0,1,3,0,1,9,7,0,5,1,0,0,0,2,3,1,2,2,2,5,1,0
804,2,2,1,4,0,1,9,5,1,6,1,0,0,0,2,7,2,2,3,3,5,9,0
284,2,2,1,2,0,2,3,9,3,3,7,0,1,3,2,5,1,2,1,2,5,5,0
470,2,0,1,4,0,1,0,9,5,3,7,0,0,2,2,8,2,2,2,2,5,3,0
312,3,1,1,4,0,2,1,6,0,5,1,0,0,3,2,8,2,5,0,2,5,9,0
375,4,1,1,3,0,2,4,4,3,5,7,0,0,0,2,6,1,2,0,2,4,3,0
192,0,1,1,1,0,1,7,0,4,5,1,0,0,3,2,8,3,0,1,2,5,9,0
101,3,0,1,3,1,1,8,8,3,5,1,0,0,3,2,2,2,2,2,2,5,11,0
100,3,0,1,4,1,3,6,7,2,5,2,0,0,3,2,3,2,4,1,2,5,0,0
601,3,1,1,1,1,3,5,0,4,5,1,0,0,2,2,8,1,2,0,2,5,3,0
554,4,3,0,0,2,0,4,7,4,5,7,0,3,0,2,3,3,2,2,2,5,7,0
306,2,1,1,3,0,1,0,8,2,5,4,0,1,3,2,0,2,4,1,2,5,9,0
101,3,0,1,3,1,3,7,5,2,5,1,0,0,3,2,2,2,3,2,2,5,0,0
1007,1,1,1,4,0,1,1,6,2,5,2,0,0,3,2,6,1,8,0,2,5,8,0
655,5,3,1,4,0,0,8,6,0,5,6,0,0,0,2,2,1,2,3,3,5,12,0
600,6,1,1,3,0,2,4,2,4,5,1,0,3,0,4,8,1,2,2,2,5,9,0
657,3,0,1,2,1,1,3,9,4,5,0,0,0,0,2,8,2,2,1,2,5,1,0
657,3,0,1,2,0,1,3,8,4,5,0,0,0,0,2,8,2,3,1,2,5,2,0
876,6,0,1,3,0,1,5,8,1,3,2,0,2,0,2,5,2,2,2,2,5,10,0
1013,1,1,1,4,0,1,0,8,2,5,1,0,0,3,2,8,2,2,0,2,5,8,0
784,0,0,1,2,0,2,0,1,4,5,1,0,0,0,2,7,1,2,3,3,5,9,0
655,5,3,1,4,0,0,8,6,0,5,6,0,0,0,2,2,1,2,3,3,5,11,0
804,0,0,0,4,0,1,5,6,4,5,6,0,0,2,2,2,1,8,2,2,5,0,0
375,4,1,1,2,0,1,0,1,4,5,1,0,2,2,3,1,1,2,1,2,5,1,0
633,6,0,1,3,2,1,6,6,3,5,0,0,0,3,2,5,2,2,2,2,5,3,0
643,4,0,1,4,1,1,2,8,4,5,0,0,0,1,2,8,2,2,1,2,5,4,0
574,2,0,1,4,0,0,7,8,1,5,2,0,0,0,2,3,1,2,2,2,5,2,0
463,2,2,1,1,1,2,4,2,2,5,7,0,0,3,2,8,2,2,2,2,5,1,0
704,4,0,1,4,0,1,8,8,4,5,1,0,0,0,2,8,1,2,3,3,5,8,0
708,3,0,1,3,0,0,0,9,3,5,0,0,0,0,2,7,2,2,2,2,5,15,0
123,5,1,1,2,0,1,8,6,2,5,6,0,0,3,2,7,1,2,3,3,5,10,0
312,3,1,1,3,0,1,0,6,0,5,1,0,0,3,2,7,2,6,0,2,5,9,0
101,3,0,1,4,2,2,7,7,2,5,1,0,0,3,2,4,2,2,1,2,5,0,0
657,3,1,1,4,0,2,4,8,5,5,1,0,0,0,2,2,2,2,3,3,5,7,0
100,3,0,1,4,1,1,7,9,4,5,1,0,0,3,2,1,2,2,3,3,5,10,0
657,3,0,1,4,0,1,6,6,4,5,1,0,0,0,2,8,2,3,0,2,5,3,0
192,0,1,1,1,0,1,9,12,5,5,1,0,0,3,2,8,3,0,0,2,5,9,0
312,3,1,1,3,1,1,0,7,4,5,1,1,0,3,2,0,2,3,1,2,5,9,0
715,2,0,1,4,0,1,9,7,2,5,4,0,1,0,3,8,1,2,1,2,5,3,0
882,5,0,1,4,0,1,4,8,1,3,2,0,2,0,2,6,2,2,2,2,5,9,0
466,2,0,1,2,0,1,5,4,3,5,7,0,0,2,2,8,2,2,2,2,5,0,0
413,4,1,1,2,1,1,5,11,2,5,7,0,0,0,2,7,2,4,1,2,1,16,0
713,2,0,1,4,0,1,3,8,3,5,2,0,1,0,2,8,2,2,1,2,5,11,0
633,6,0,1,3,2,1,6,6,3,5,0,0,0,3,2,5,2,2,2,2,5,3,0
759,3,3,0,4,0,1,5,5,3,7,1,0,0,0,2,8,1,2,2,2,5,9,0
814,2,1,1,1,0,1,2,2,4,5,1,0,0,1,2,5,1,2,1,2,5,10,0
641,4,0,1,4,1,1,3,8,4,5,0,0,0,1,2,8,2,2,1,2,5,4,0
146,2,0,1,3,1,1,13,6,2,5,1,0,0,3,2,2,1,2,2,1,5,3,0
899,5,1,1,1,0,1,5,6,3,5,2,0,0,3,2,1,1,3,0,2,5,10,0
99,4,0,1,5,0,1,3,8,3,5,4,0,0,3,2,3,2,2,1,2,5,2,0
192,0,0,1,1,0,1,9,10,6,5,1,0,0,3,2,8,3,0,0,2,5,11,0
709,3,0,1,4,0,0,5,9,4,5,0,0,0,0,2,8,1,3,2,2,3,10,0
101,3,0,1,3,1,1,8,5,2,5,1,0,0,3,2,6,2,2,0,2,5,1,0
111,2,0,1,0,0,0,0,7,3,5,1,1,0,3,2,1,1,2,0,2,5,8,0
706,3,0,1,4,0,0,7,7,2,5,1,0,0,0,2,8,1,2,3,3,5,1,0
527,4,2,1,4,0,0,7,7,3,5,7,0,0,2,2,8,2,2,2,2,5,7,0
657,3,0,1,4,0,1,1,9,6,5,1,0,0,0,2,5,2,5,3,3,5,4,0
463,2,2,1,1,0,3,4,9,3,5,7,0,0,3,2,8,2,1,0,2,5,10,0
372,3,0,1,3,0,1,0,6,4,5,1,0,2,3,3,1,2,4,0,1,5,2,0
655,4,2,1,4,0,0,8,6,1,5,4,0,0,0,2,4,1,2,1,2,5,8,0
222,1,2,1,1,0,1,7,4,6,5,5,0,0,3,2,3,1,1,0,2,5,9,0
379,4,0,1,2,1,1,0,5,4,5,5,0,0,3,2,1,2,2,0,1,5,1,0
463,2,1,1,1,1,1,3,2,2,4,7,0,0,2,2,8,2,2,2,2,5,1,0
803,0,0,1,4,0,2,6,6,3,5,5,0,0,2,2,3,1,7,3,3,5,2,0
310,3,1,1,3,0,2,5,7,2,4,1,1,0,3,2,8,1,2,0,2,5,8,0
216,1,2,1,1,0,1,8,6,6,5,4,0,0,3,2,4,1,1,0,2,5,9,0
375,4,1,1,4,0,2,5,4,4,5,6,0,0,0,2,6,1,2,0,2,4,2,0
657,3,0,1,3,0,1,0,9,5,5,0,0,0,0,2,8,2,6,3,3,5,0,0
658,1,0,1,1,0,2,4,5,0,1,7,0,0,0,2,8,1,4,2,2,5,9,0
312,3,1,1,4,1,2,0,6,4,5,1,1,0,3,2,1,2,3,1,2,5,9,0
803,0,1,1,4,0,2,6,6,3,5,4,0,0,1,2,4,1,6,3,3,5,3,0
376,3,0,1,2,1,1,0,6,4,5,4,0,1,3,2,1,2,3,0,1,5,1,0
409,0,1,1,1,0,1,7,6,0,5,2,0,0,1,2,8,1,2,0,2,5,3,0
101,3,0,1,3,1,1,8,5,2,5,1,0,0,3,2,6,2,2,0,2,5,1,0
761,2,3,0,3,0,1,3,4,4,6,1,0,0,0,2,8,1,2,2,2,5,9,0
470,2,0,1,2,0,1,0,9,5,5,7,0,0,2,2,8,2,2,2,2,5,5,0
303,3,1,1,3,0,2,5,7,2,4,2,1,0,3,2,8,1,2,0,2,5,7,0
597,5,1,1,4,0,0,5,6,5,6,1,0,2,0,3,7,1,2,0,1,5,0,0
59,4,0,1,5,0,1,0,7,4,5,7,0,0,1,2,3,2,2,2,2,5,2,0
1013,1,1,1,4,0,1,0,7,2,5,1,0,0,3,2,8,2,4,0,2,5,8,0
813,2,2,1,3,0,1,9,5,2,6,1,0,0,0,2,6,2,2,2,2,5,9,0
192,0,2,1,1,0,2,5,5,0,5,1,0,0,3,2,8,3,8,0,2,5,1,0
657,3,0,1,4,0,2,4,8,5,5,1,0,0,0,2,2,2,2,2,2,5,8,0
708,3,1,1,1,0,1,0,8,2,5,0,0,0,0,2,1,2,2,0,2,5,8,0
303,3,1,1,3,1,2,1,7,5,4,2,1,0,3,2,1,1,2,1,2,5,7,0
599,6,2,1,4,0,2,5,2,4,5,1,0,3,0,4,8,1,2,2,2,5,8,0
101,3,0,1,3,1,3,7,5,2,5,1,0,0,3,2,2,2,3,2,2,5,0,0
702,4,0,1,4,0,1,9,8,5,5,1,0,0,0,2,8,1,2,3,3,5,11,0
785,0,0,1,2,0,2,0,1,4,5,1,0,0,0,2,7,1,2,3,3,5,9,0
657,3,0,1,4,0,1,3,7,5,5,1,0,0,0,2,5,2,5,3,3,5,1,0
463,2,3,1,3,0,2,8,5,1,5,7,0,0,3,2,8,2,2,3,3,5,0,0
951,2,1,1,2,0,2,5,6,2,5,4,0,1,3,2,1,1,7,0,2,5,11,0
463,2,3,1,2,0,2,10,7,1,5,7,0,0,3,2,8,2,2,2,2,5,3,0
186,0,0,1,1,0,1,7,4,5,5,1,0,0,3,2,7,2,1,0,2,5,14,0
227,1,2,1,1,0,1,7,3,6,5,6,0,0,3,2,2,1,1,0,2,5,9,0
657,3,0,1,2,0,1,4,8,4,5,0,0,0,0,2,8,2,3,1,2,5,2,0
599,4,1,1,3,0,3,5,1,4,5,1,0,2,0,3,8,1,2,2,2,5,6,0
704,4,0,1,4,0,1,10,9,6,5,1,0,0,0,2,8,1,2,2,2,4,9,0
192,0,1,1,1,0,1,7,9,2,5,1,0,0,3,2,8,3,5,0,2,5,4,0
101,3,0,1,2,0,1,7,3,2,5,1,0,0,3,2,2,2,2,2,2,5,4,0
599,6,1,1,4,0,2,5,2,4,5,0,0,2,0,3,8,1,2,2,2,5,8,0
192,0,1,1,1,0,1,7,2,4,5,1,0,0,3,2,8,3,0,1,2,5,9,0
708,3,1,1,1,0,1,0,9,2,5,0,0,0,0,2,1,1,2,0,2,4,8,0
98,5,0,1,5,0,1,0,9,4,5,6,0,0,3,2,1,2,2,3,3,5,3,0
100,3,0,1,2,0,1,4,3,2,5,2,0,0,3,2,1,2,2,2,2,5,1,0
468,2,0,1,0,1,2,0,9,4,5,7,0,0,2,2,8,2,1,0,2,5,11,0
131,4,1,1,4,0,2,3,7,3,5,5,0,0,3,2,6,1,2,1,1,5,7,0
100,3,0,1,4,1,1,7,7,2,5,2,0,0,3,2,8,2,4,0,2,5,1,0
28,3,0,1,4,0,1,0,6,4,5,7,0,0,0,2,6,2,2,1,2,5,1,0
708,3,1,1,1,0,1,1,8,2,5,0,0,0,0,2,2,2,2,0,2,5,6,0
470,2,0,1,2,0,1,0,9,5,5,7,0,0,2,2,8,2,2,2,2,5,5,0
657,3,0,1,2,0,1,4,8,4,5,0,0,0,0,2,4,2,2,3,3,5,2,0
706,3,1,1,1,0,1,1,9,2,5,0,0,0,0,2,2,1,2,0,2,5,7,0
132,5,2,1,4,0,3,0,7,4,5,7,0,0,3,2,6,1,2,0,1,5,6,0
374,3,0,1,4,0,2,6,6,4,5,1,0,3,3,4,6,2,2,2,2,5,11,0
599,6,2,1,4,0,2,5,2,4,5,1,0,3,0,4,8,1,2,2,2,5,7,0
639,3,0,1,4,0,2,6,5,2,5,3,0,1,1,3,8,1,2,0,1,5,7,0
708,3,0,1,4,0,0,0,8,3,5,0,0,0,0,2,8,2,2,3,3,5,14,0
312,3,1,1,3,0,2,3,7,2,5,1,1,0,3,2,5,2,2,0,2,5,9,0
802,0,1,1,4,0,2,7,6,3,5,4,0,0,1,2,4,1,6,3,3,5,4,0
305,2,1,1,4,0,2,0,8,2,5,5,0,2,3,2,3,2,4,2,2,5,9,0
375,4,1,1,2,0,1,3,3,4,5,1,0,3,3,4,3,2,2,2,2,5,6,0
465,2,2,1,4,0,1,7,7,1,3,7,0,0,2,2,8,2,2,2,2,5,0,0
526,4,1,0,1,0,2,3,2,2,5,7,0,0,2,2,6,2,2,2,2,5,15,0
657,3,0,1,3,0,1,0,9,5,5,0,0,0,0,2,8,2,7,3,3,5,0,0
600,4,1,1,2,0,1,5,3,5,6,1,0,1,1,3,8,1,2,0,1,5,0,0
786,0,1,1,2,0,2,2,2,3,5,1,0,0,0,2,8,1,2,3,3,5,10,0
412,2,1,1,1,1,1,5,10,1,5,5,0,0,0,2,8,1,3,1,2,2,11,0
657,3,0,1,1,1,1,2,10,4,5,0,0,0,0,2,8,2,2,2,2,5,1,0
415,4,1,1,2,1,0,5,10,2,5,7,0,0,0,2,8,2,3,2,2,2,15,0
377,5,1,1,4,0,2,5,4,4,5,7,0,0,0,2,6,1,3,0,2,5,6,0
517,5,1,1,3,0,1,8,6,2,5,7,0,0,3,2,8,2,2,2,2,5,10,0
627,6,0,1,2,0,1,4,9,4,5,0,0,1,1,3,8,1,2,0,1,5,9,0
374,3,0,1,3,0,1,0,6,4,5,3,0,1,3,3,1,2,3,0,1,5,2,0
854,4,0,1,4,0,1,6,7,1,4,2,0,2,0,2,6,2,2,3,3,5,9,0
311,2,1,1,4,0,2,4,7,2,5,1,1,0,3,2,7,2,2,0,2,5,9,0
707,3,1,1,1,0,1,0,9,2,5,0,0,0,0,2,1,1,2,0,2,5,8,0
657,3,0,1,2,1,1,2,9,4,5,0,0,0,0,2,5,2,2,3,3,5,1,0
382,4,1,1,2,0,1,2,8,1,5,7,0,0,3,2,7,2,3,1,2,1,12,0
192,0,1,1,1,0,1,5,6,0,5,1,0,0,3,2,8,3,8,0,2,5,1,0
463,2,2,1,1,0,3,8,7,2,5,7,0,0,3,2,8,2,2,1,2,5,7,0
657,3,1,1,4,0,2,6,7,4,5,1,0,0,0,2,2,2,2,3,3,5,5,0
415,4,0,1,2,1,0,8,9,2,5,4,0,0,1,2,8,2,3,1,1,2,14,0
391,3,1,1,3,0,2,7,6,2,5,5,0,0,2,2,6,1,5,0,2,5,13,0
627,5,1,1,1,2,2,8,1,2,5,0,0,0,3,2,3,2,2,2,2,5,1,0
702,5,0,1,4,0,1,9,9,5,5,1,0,0,0,2,8,1,2,3,3,5,10,0
303,2,1,1,4,0,2,0,8,2,5,6,0,2,3,2,1,2,4,2,2,5,9,0
708,3,0,1,3,0,0,0,9,3,5,0,0,0,0,2,5,2,2,2,2,5,13,0
789,0,0,1,2,0,2,1,2,4,5,2,0,0,0,2,6,1,4,3,3,5,7,0
373,3,0,1,4,0,2,5,6,4,5,1,0,3,3,4,5,2,3,1,2,5,9,0
147,2,0,1,4,2,1,12,6,1,5,1,0,0,3,2,1,1,3,2,1,5,3,0
657,3,0,1,2,0,1,0,9,5,5,0,0,0,0,2,8,2,2,1,2,5,2,0
463,2,3,1,2,0,2,7,4,1,5,7,0,0,3,2,8,2,2,3,3,5,0,0
591,4,1,1,4,0,2,7,4,2,5,1,0,1,0,3,5,1,2,3,3,5,6,0
589,3,0,1,4,0,1,7,5,1,5,1,0,1,0,2,4,1,2,3,3,5,5,0
1004,1,1,1,2,0,0,3,8,2,5,1,0,0,3,2,8,1,2,0,2,5,6,0
967,2,0,1,4,0,1,1,6,1,4,1,0,0,2,2,7,2,5,0,2,5,7,0
13,3,0,1,4,0,1,0,6,4,5,7,0,0,0,2,7,2,2,1,2,5,1,0
375,4,1,1,3,0,2,7,7,3,5,1,0,2,3,3,8,2,2,2,2,4,12,0
466,2,0,1,2,0,1,1,5,4,5,7,0,0,2,2,8,2,2,3,3,5,2,0
373,4,0,1,4,0,2,3,4,4,5,4,0,1,1,2,4,1,3,0,2,5,3,0
470,2,0,1,1,1,1,0,9,4,5,7,0,0,2,2,8,2,2,1,2,5,7,0
100,3,0,1,4,1,1,7,7,2,5,2,0,0,3,2,8,2,5,0,2,5,1,0
375,4,1,1,3,0,1,6,5,4,5,1,0,3,3,4,5,2,2,2,2,2,0,0
375,4,1,1,4,0,2,9,6,4,5,1,0,2,2,3,7,1,2,1,2,1,0,0
709,3,0,1,4,0,0,9,7,3,5,1,0,0,0,2,8,1,2,2,2,4,0,0
468,2,0,1,0,1,2,0,9,4,5,7,0,0,2,2,8,2,1,0,2,5,11,0
511,4,1,1,4,0,1,9,7,2,5,7,0,0,2,2,8,2,2,2,2,5,7,0
726,3,1,0,4,0,1,6,6,2,5,1,0,0,0,2,8,1,2,2,2,5,4,0
99,4,0,1,4,1,2,3,7,2,5,3,0,0,3,2,1,2,2,2,2,5,1,0
470,2,0,1,4,0,1,1,9,4,1,7,0,0,2,2,8,2,2,1,2,5,2,0
952,2,1,1,4,0,2,5,7,1,4,5,0,3,1,2,2,1,7,1,2,5,11,0
719,1,1,1,3,0,2,8,7,2,5,5,0,2,0,3,6,2,2,0,2,5,3,0
533,4,1,1,2,0,1,1,3,3,5,7,0,1,1,2,8,2,2,2,2,5,11,0
138,5,1,1,3,1,1,7,6,0,5,7,0,1,3,2,4,1,5,3,3,5,9,0
656,4,2,1,3,0,0,7,6,0,3,7,0,0,0,2,3,1,2,3,3,5,11,0
100,3,0,1,1,0,1,6,1,2,5,1,0,0,3,2,2,2,3,1,2,5,1,0
101,3,0,1,4,2,3,7,7,2,5,1,0,0,3,2,2,2,2,2,2,5,1,0
705,4,0,1,4,0,0,10,9,4,5,1,0,0,0,2,8,1,2,2,2,4,2,0
606,6,1,1,4,0,0,5,6,5,6,0,0,2,0,3,8,1,2,0,1,5,1,0
800,1,2,1,4,0,2,9,5,2,6,2,0,0,0,2,6,1,4,3,3,5,7,0
1003,1,1,1,4,0,1,2,7,2,5,3,0,1,3,2,4,1,5,0,2,5,10,0
710,4,0,1,4,0,0,13,9,5,5,1,0,0,0,2,8,1,4,2,2,2,0,0
558,3,2,1,4,1,0,1,7,5,5,6,0,2,0,2,7,2,2,2,2,5,2,0
99,4,0,1,4,0,3,5,7,2,5,4,0,0,3,2,5,2,7,0,2,5,0,0
994,1,1,1,4,0,2,4,6,2,5,6,0,2,3,2,1,1,10,0,2,5,12,0
101,2,0,1,3,1,1,8,8,4,5,1,0,0,3,2,1,1,2,2,2,5,11,0
657,3,0,1,4,0,1,0,7,6,5,1,0,0,0,2,8,2,2,0,2,5,2,0
375,5,1,1,4,0,2,5,4,4,5,7,0,0,0,2,6,1,2,0,2,5,4,0
480,2,0,1,0,1,1,2,8,3,5,7,0,0,2,2,8,2,2,1,2,5,10,0
643,4,0,1,4,1,1,2,8,4,5,0,0,0,1,2,8,2,2,1,2,5,4,0
470,2,0,1,0,1,1,0,9,4,5,7,0,0,2,2,8,2,2,1,2,5,9,0
657,3,0,1,4,0,2,0,7,6,5,1,0,0,0,2,7,2,2,0,2,5,3,0
657,2,0,1,3,0,2,7,6,3,4,2,0,0,0,2,3,1,2,3,3,5,4,0
101,3,0,1,4,2,3,7,7,2,5,1,0,0,3,2,2,2,2,2,2,5,1,0
201,0,0,1,1,0,1,7,3,6,5,2,0,0,3,2,6,2,0,0,2,5,13,0
554,4,3,0,0,2,0,4,7,4,5,7,0,3,0,2,3,3,2,2,2,5,7,0
653,5,3,1,4,0,0,8,5,0,5,7,0,0,0,2,2,1,2,2,2,5,12,0
147,2,0,1,4,2,1,12,6,1,5,2,0,0,3,2,1,1,4,2,1,5,4,0
98,5,0,1,5,0,1,0,8,3,5,6,0,0,3,2,1,2,2,2,2,5,2,0
1005,1,1,1,2,0,0,3,6,2,5,1,0,0,3,2,8,1,4,0,2,5,5,0
470,2,0,1,2,0,1,0,9,4,2,7,0,0,2,2,8,2,2,1,2,5,5,0
613,4,0,1,1,0,1,4,4,4,5,1,0,1,1,3,8,1,2,0,1,5,6,0
101,3,0,1,4,2,1,9,8,3,5,1,0,0,3,2,2,2,2,2,2,5,10,0
527,4,1,0,1,0,2,3,2,2,5,7,0,0,2,2,6,2,2,2,2,5,15,0
807,0,0,1,3,0,1,5,6,4,5,6,0,0,3,2,1,1,8,2,2,5,0,0
7,3,2,1,4,0,2,7,8,4,5,7,0,0,0,2,8,2,2,1,2,5,9,0
299,3,1,1,3,0,2,5,7,2,4,2,1,0,3,2,8,1,2,0,2,5,7,0
469,2,0,1,3,0,1,0,9,3,1,7,0,0,2,2,8,2,2,1,2,5,2,0
389,4,1,1,3,0,1,7,6,3,5,7,0,0,2,2,6,2,6,0,2,4,17,0
99,4,0,1,4,0,2,6,7,2,5,4,0,0,3,2,8,2,8,0,2,5,1,0
1007,1,0,1,4,0,1,0,9,1,4,1,0,0,2,2,7,2,2,1,2,5,9,0
115,2,0,1,0,0,0,1,7,3,5,1,1,0,3,2,1,1,2,0,1,5,8,0
312,3,1,1,4,1,2,2,7,4,5,1,2,0,3,2,3,2,2,1,2,5,9,0
192,0,0,1,1,0,2,7,3,5,5,1,0,0,3,2,8,3,0,0,2,5,14,0
376,4,1,1,4,0,2,8,6,4,5,1,0,2,3,3,7,2,2,2,2,5,13,0
477,2,0,1,0,1,2,0,7,3,5,7,0,0,2,2,8,2,2,1,2,5,12,0
149,4,0,1,4,2,1,9,6,0,5,5,0,2,3,2,1,1,7,2,2,5,7,0
994,1,2,1,1,0,0,7,6,3,5,2,0,0,3,2,5,1,4,0,2,5,6,0
412,2,0,1,2,0,0,11,6,2,5,1,0,0,2,2,8,1,2,0,1,5,8,0
142,5,2,1,4,0,3,0,8,4,5,7,0,2,3,2,3,1,2,0,1,5,3,0
554,4,2,1,4,1,0,0,6,6,5,6,0,3,0,2,8,2,2,1,1,5,2,0
126,2,0,1,1,0,0,5,7,3,5,1,1,0,3,2,1,1,2,0,1,5,6,0
633,6,0,1,2,2,1,7,4,2,5,0,0,0,3,2,3,2,2,2,2,5,2,0
226,1,2,1,1,0,1,7,3,6,5,6,0,0,3,2,2,1,1,0,2,5,9,0
380,4,1,1,2,0,1,0,8,1,5,7,0,0,2,2,7,1,2,1,2,0,9,0
99,4,0,1,4,0,3,5,7,2,5,4,0,0,3,2,5,2,7,0,2,5,0,0
799,2,2,1,3,0,1,9,5,2,6,1,0,0,0,2,7,2,2,2,2,5,9,0
300,2,1,1,3,0,2,0,9,3,4,7,0,2,3,2,1,1,3,2,2,5,8,0
657,3,0,1,1,1,1,0,11,4,5,0,0,0,0,2,7,2,2,3,3,5,1,0
657,3,0,1,3,0,1,5,7,4,5,0,0,0,0,2,3,2,2,3,3,5,2,0
551,4,2,1,4,1,0,0,7,5,5,7,0,2,0,2,8,2,2,2,2,5,3,0
373,3,0,1,4,0,1,7,6,4,5,1,0,3,3,4,6,2,2,1,2,2,0,0
415,4,1,1,3,0,0,6,9,2,5,7,0,0,0,2,8,2,2,2,2,4,14,0
657,3,0,1,4,0,1,0,7,6,5,1,0,0,0,2,8,2,2,0,2,5,2,0
656,3,1,1,4,0,1,8,6,3,5,2,0,0,0,2,2,1,2,3,3,5,4,0
657,3,0,1,4,0,2,7,6,4,5,1,0,0,0,2,2,2,2,2,2,5,3,0
463,2,1,1,1,1,1,3,2,2,4,7,0,0,2,2,8,2,2,2,2,5,1,0
382,3,0,1,1,1,1,0,6,3,5,6,0,0,2,2,2,1,2,0,1,5,1,0
712,3,0,1,4,0,0,12,9,5,5,0,0,0,0,2,8,1,4,2,2,2,2,0
956,2,1,1,4,0,2,5,6,1,4,5,0,3,2,2,2,1,8,0,2,5,12,0
470,2,0,1,4,0,1,1,9,4,1,7,0,0,2,2,8,2,2,1,2,5,2,0
468,2,0,1,3,0,1,1,7,3,2,7,0,0,2,2,8,2,2,1,2,5,2,0
379,4,0,1,2,1,1,0,5,4,5,5,0,0,3,2,1,2,2,0,1,5,1,0
655,4,2,1,4,0,1,7,7,2,5,4,0,0,0,2,2,1,2,3,3,5,11,0
466,2,1,1,2,0,2,0,9,4,3,7,0,0,2,2,8,2,1,0,2,5,7,0