Time,Day_of_week,Age_band_of_driver,Sex_of_driver,Educational_level,Vehicle_driver_relation,Driving_experience,Type_of_vehicle,Area_accident_occured,Lanes_or_Medians,Road_allignment,Types_of_Junction,Road_surface_type,Road_surface_conditions,Light_conditions,Weather_conditions,Type_of_collision,Number_of_vehicles_involved,Vehicle_movement,Casualty_class,Casualty_severity,Pedestrian_movement,Cause_of_accident,Accident_severity
596,5,1,1,4,0,2,5,2,3,5,1,0,2,0,3,7,1,2,3,3,5,8,0
881,5,1,1,1,0,0,6,6,4,5,1,0,0,3,2,1,1,2,0,2,5,9,0
1000,1,1,1,4,0,2,2,6,2,5,4,0,1,3,2,3,1,9,0,2,5,10,0
466,2,1,1,2,1,1,5,4,2,5,7,0,0,2,2,8,2,2,2,2,5,0,0
554,4,3,0,3,2,0,0,7,5,5,7,0,3,0,2,7,3,2,2,2,5,3,0
617,6,0,1,2,0,1,4,7,4,5,1,0,3,0,4,8,1,2,0,1,5,11,0
517,5,1,1,3,0,1,8,5,2,5,7,0,0,3,2,8,2,2,2,2,5,10,0
408,4,1,1,2,1,1,5,10,2,5,7,0,0,0,2,7,2,4,1,2,1,16,0
375,4,1,1,3,0,2,5,5,4,5,1,0,3,3,4,5,2,2,2,2,5,9,0
312,3,1,1,3,0,1,0,6,0,5,1,0,0,3,2,5,2,6,0,2,5,9,0
658,1,0,1,1,0,2,4,5,0,1,7,0,0,0,2,8,1,4,2,2,5,9,0
7,3,1,1,4,0,2,4,7,4,5,7,0,0,0,2,8,2,2,1,2,5,6,0
876,6,0,1,1,0,1,5,6,3,4,1,0,0,2,2,1,2,2,0,2,5,10,0
706,3,0,1,4,0,1,7,7,2,5,1,0,0,0,2,8,1,2,3,3,5,3,0
379,4,1,1,4,0,2,8,6,4,5,3,0,1,3,3,7,2,4,1,2,5,15,0
375,4,1,1,2,0,1,0,1,4,5,1,0,2,2,3,1,1,2,1,2,5,1,0
376,4,1,1,3,0,2,6,7,3,5,2,0,2,3,3,8,2,2,2,2,3,12,0
382,4,1,1,2,0,1,3,7,2,5,7,0,0,3,2,7,2,4,1,2,2,13,0
99,4,0,1,4,0,2,6,7,2,5,4,0,0,3,2,5,2,8,1,2,5,4,0
466,2,0,1,2,0,1,1,6,3,2,7,0,0,2,2,8,2,2,1,2,5,2,0
413,2,1,1,3,0,0,7,8,1,5,5,0,0,0,2,8,1,2,2,2,5,10,0
100,3,0,1,4,1,3,6,7,2,5,2,0,0,3,2,3,2,4,1,2,5,0,0
568,4,2,1,4,1,0,1,6,6,5,5,0,3,0,2,8,2,2,1,1,5,2,0
192,0,1,1,1,0,1,7,3,4,5,1,0,0,3,2,8,3,0,1,2,5,9,0
657,3,0,1,4,0,1,5,7,4,5,1,0,0,0,2,4,2,4,3,3,5,1,0
656,3,0,1,4,0,1,6,6,4,5,0,0,0,0,2,8,2,3,0,2,5,3,0
192,0,1,1,1,0,1,5,6,0,5,1,0,0,3,2,8,3,8,0,2,5,1,0
415,4,0,1,2,1,0,6,10,2,5,5,0,0,0,2,8,2,3,1,1,1,15,0
786,0,1,1,2,0,2,2,2,3,5,1,0,0,0,2,8,1,2,3,3,5,10,0
132,5,1,1,2,0,1,7,6,1,5,7,0,0,3,2,6,1,3,3,3,5,9,0
702,4,0,1,4,0,1,9,8,5,5,1,0,0,0,2,8,1,2,3,3,5,10,0
415,4,1,1,3,0,0,6,10,2,5,7,0,0,0,2,8,2,2,2,2,3,14,0
180,1,0,1,1,0,1,7,4,4,5,2,0,0,3,2,6,2,2,0,2,5,13,0
192,0,0,1,1,0,1,8,9,6,5,1,0,0,3,2,8,3,0,0,2,5,11,0
468,2,0,1,3,0,1,0,9,5,5,7,0,0,2,2,8,2,1,2,2,5,4,0
702,4,0,1,4,0,0,8,8,3,5,1,0,0,0,2,8,1,2,3,3,5,2,0
707,4,0,1,4,0,1,11,9,6,5,1,0,0,0,2,8,1,3,2,2,3,6,0
644,4,1,1,2,1,2,8,3,2,5,0,0,0,1,2,2,2,2,3,3,5,1,0
580,2,0,0,3,0,0,9,8,0,5,1,0,0,0,2,2,1,2,2,2,5,2,0
142,2,0,1,4,1,1,11,7,2,5,2,0,0,3,2,3,1,2,1,1,5,4,0
463,2,2,1,1,1,2,3,3,2,5,7,0,0,3,2,8,2,1,2,2,5,2,0
463,2,2,1,1,0,3,1,9,3,5,7,0,0,3,2,8,2,1,0,2,5,11,0
375,4,1,1,4,0,3,5,4,4,5,5,0,0,0,2,6,1,2,0,2,5,5,0
463,2,1,1,1,1,1,3,3,2,4,7,0,0,2,2,8,2,2,2,2,5,1,0
413,3,1,1,3,0,0,7,8,1,5,5,0,0,0,2,8,1,2,2,2,5,11,0
150,5,1,1,4,0,2,2,7,2,5,7,0,3,3,2,1,2,4,1,1,5,4,0
143,5,1,1,3,1,1,7,6,0,5,7,0,2,3,2,2,1,7,3,3,5,9,0
656,3,1,1,3,0,2,8,5,3,5,0,0,0,0,2,2,2,2,3,3,5,2,0
634,4,0,1,2,0,2,5,5,3,5,3,0,3,0,4,8,1,2,0,1,5,11,0
505,4,1,1,4,0,1,9,7,2,5,7,0,0,2,2,8,2,2,2,2,5,6,0
92,5,0,1,5,0,1,0,9,4,5,7,0,0,2,2,1,2,2,2,2,5,3,0
99,4,0,1,2,0,1,4,4,2,5,3,0,0,3,2,1,2,2,2,2,5,1,0
463,2,3,1,4,0,1,8,6,1,5,7,0,0,2,2,8,2,2,3,3,5,0,0
613,6,0,1,2,0,1,4,6,4,5,1,0,3,0,4,8,1,2,1,1,5,10,0
212,1,1,1,1,0,1,7,2,6,5,4,0,0,3,2,4,1,1,0,2,5,11,0
657,3,0,1,3,0,1,0,9,5,5,0,0,0,0,2,8,2,7,3,3,5,0,0
169,2,0,1,2,1,1,7,5,2,5,4,0,1,3,2,4,2,4,1,2,5,11,0
618,4,0,1,1,0,1,4,6,4,5,1,0,2,0,3,8,1,2,0,1,5,9,0
100,3,0,1,4,1,2,7,8,3,5,2,0,0,3,2,3,2,5,2,2,5,8,0
192,0,0,1,1,0,1,8,8,6,5,1,0,0,3,2,8,3,0,0,2,5,12,0
222,1,2,1,1,0,1,7,4,6,5,5,0,0,3,2,3,1,1,0,2,5,9,0
375,4,1,1,3,0,1,5,4,4,5,1,0,3,3,4,5,2,2,2,2,2,0,0
157,4,1,1,3,1,1,6,6,0,5,5,0,2,3,2,2,2,9,2,2,5,7,0
310,3,1,1,1,0,0,0,7,2,4,1,0,0,3,2,0,1,4,0,2,5,9,0
463,2,2,1,2,1,2,6,3,1,5,7,0,0,3,2,8,2,2,3,3,5,0,0
99,4,0,1,2,0,2,5,4,2,5,4,0,0,3,2,5,2,8,0,2,5,1,0
742,4,2,0,4,0,0,7,6,4,6,1,0,0,0,2,8,1,2,2,2,4,6,0
470,2,0,1,1,1,1,0,9,4,5,7,0,0,2,2,8,2,2,1,2,5,7,0
966,2,0,1,4,0,1,1,9,1,4,1,0,1,1,2,7,2,2,1,2,5,9,0
463,2,3,1,3,0,2,10,6,1,5,7,0,0,3,2,8,2,2,2,2,5,1,0
383,4,1,1,3,0,1,5,6,3,5,7,0,0,3,2,6,2,5,0,2,3,15,0
143,5,1,1,3,1,1,7,6,0,5,7,0,2,3,2,2,1,7,3,3,5,9,0
779,0,1,0,2,0,1,0,1,4,5,1,0,0,0,2,8,1,2,2,2,5,10,0
657,3,0,1,4,0,2,3,9,6,5,1,0,0,0,2,2,2,2,3,3,5,8,0
718,2,0,1,4,0,1,11,7,3,5,4,0,1,0,3,8,1,3,0,2,3,1,0
1000,1,2,1,1,0,0,5,6,3,5,1,0,0,3,2,8,1,3,0,2,5,4,0
640,5,0,1,2,1,1,8,3,2,5,0,0,0,2,2,3,2,2,2,2,5,1,0
192,0,0,1,1,0,2,7,2,5,5,1,0,0,3,2,8,3,0,0,2,5,12,0
468,2,0,1,0,1,2,2,9,3,5,7,0,0,2,2,8,2,2,1,2,5,10,0
192,0,1,1,1,0,2,7,0,4,5,1,0,0,3,2,8,3,0,1,2,5,9,0
293,3,1,1,2,0,2,5,7,2,4,3,1,0,3,2,8,1,2,0,2,5,6,0
165,3,1,1,2,1,1,6,6,0,5,4,0,1,3,2,3,2,9,1,2,5,6,0
305,2,1,1,4,0,2,0,8,3,5,5,1,2,3,2,0,2,3,2,2,5,9,0
288,3,2,1,1,0,1,3,8,3,3,4,0,0,3,2,5,1,3,0,2,5,5,0
1013,1,1,1,4,0,1,0,8,2,5,1,0,0,3,2,8,2,3,0,2,5,8,0
150,5,1,1,4,0,2,2,8,2,5,7,0,3,3,2,1,2,4,0,1,5,3,0
376,4,1,1,3,0,1,7,7,3,5,2,0,2,3,3,8,2,2,2,2,0,2,0
292,3,2,1,2,0,2,5,8,3,3,4,0,0,3,2,8,1,2,0,2,5,5,0
765,2,2,0,3,0,1,3,4,4,6,1,0,0,0,2,8,1,2,2,2,5,9,0
470,2,0,1,0,1,1,0,9,4,5,7,0,0,2,2,8,2,2,1,2,5,9,0
657,3,0,1,3,0,2,3,9,5,5,0,0,0,0,2,3,2,2,3,3,5,7,0
463,2,2,1,1,0,3,7,6,2,5,7,0,0,3,2,8,2,2,1,2,5,5,0
708,3,0,1,2,0,1,3,7,2,5,0,0,0,0,2,4,2,2,1,2,5,4,0
657,3,0,1,4,0,1,7,6,4,5,1,0,0,0,2,7,2,3,0,2,5,3,0
657,3,0,1,4,0,1,0,8,5,5,1,0,0,0,2,8,2,8,2,2,5,0,0
114,2,1,1,0,0,0,1,6,3,5,1,1,0,3,2,2,1,2,0,2,5,9,0
375,4,1,1,3,0,1,9,7,3,5,1,0,2,3,3,8,2,2,2,2,0,0,0
312,3,1,1,4,0,2,0,6,0,5,1,0,0,3,2,7,2,6,0,2,5,9,0
157,4,0,1,3,1,1,7,5,1,5,5,0,2,3,2,2,2,7,2,2,5,10,0
373,3,0,1,4,0,1,6,6,4,5,1,0,3,3,4,5,2,3,1,2,2,1,0
464,2,3,1,4,0,1,9,6,1,5,7,0,0,2,2,8,2,2,2,2,5,0,0
98,5,0,1,4,0,3,5,7,2,5,5,0,0,3,2,6,2,9,0,2,5,0,0
803,0,0,1,4,0,2,6,6,3,5,5,0,0,2,2,3,1,7,3,3,5,2,0
470,2,0,1,4,0,1,1,8,5,5,7,0,0,2,2,8,2,2,2,2,5,2,0
386,3,0,1,1,1,1,1,6,3,5,5,0,0,2,2,3,1,2,0,1,5,1,0
528,4,1,1,2,0,2,2,2,3,5,7,0,0,2,2,8,2,2,2,2,5,13,0
101,3,0,1,3,1,1,8,6,2,5,1,0,0,3,2,7,2,2,0,2,5,1,0
225,1,2,1,1,0,1,7,2,6,5,6,0,0,3,2,2,1,1,0,2,5,9,0
702,4,0,1,4,0,1,8,9,5,5,0,0,0,0,2,8,1,2,3,3,5,12,0
222,1,2,1,1,0,1,7,1,5,5,5,0,0,3,2,3,1,1,0,2,5,9,0
867,5,0,1,1,0,1,5,6,4,5,1,0,0,3,2,1,1,2,0,2,5,8,0
708,3,0,1,3,0,1,5,7,2,5,0,0,0,0,2,6,2,2,2,2,5,2,0
463,2,2,1,1,0,3,3,9,3,5,7,0,0,3,2,8,2,1,0,2,5,10,0
711,3,0,1,3,0,0,9,9,4,5,0,0,0,0,2,5,1,4,1,2,2,2,0
657,3,0,1,1,1,1,0,11,4,5,0,0,0,0,2,7,2,2,3,3,5,1,0
278,2,2,1,1,0,2,4,9,3,3,7,0,0,3,2,6,1,2,0,2,5,3,0
312,3,1,1,4,0,2,2,6,1,5,1,1,0,3,2,8,2,4,0,2,5,9,0
555,4,2,1,4,1,0,0,6,6,5,6,0,3,0,2,8,2,2,1,1,5,2,0
98,6,0,1,5,0,1,1,8,3,5,7,0,0,3,2,3,2,5,1,2,5,2,0
1011,1,1,1,4,0,1,0,6,2,5,1,0,0,3,2,7,1,7,0,2,5,7,0
148,5,1,1,4,1,1,6,6,0,5,7,0,2,3,2,1,1,8,2,2,5,9,0
149,5,2,1,4,0,3,0,8,4,5,7,0,2,3,2,2,1,2,0,1,5,1,0
383,4,1,1,4,0,2,8,6,4,5,5,0,0,3,2,6,2,6,0,2,5,17,0
98,6,0,1,4,0,2,3,7,2,5,7,0,0,3,2,5,2,8,0,2,5,1,0
98,6,0,1,5,0,1,0,8,3,5,7,0,0,3,2,1,2,2,2,2,5,2,0
393,4,1,1,3,0,1,7,7,3,5,7,0,0,2,2,6,2,6,0,2,3,17,0
373,3,0,1,4,0,2,5,6,4,5,1,0,3,3,4,5,2,3,1,2,5,9,0
116,3,1,1,0,0,0,2,6,3,5,2,1,0,3,2,3,1,2,0,2,5,9,0
134,5,2,1,4,0,3,0,7,4,5,7,0,1,3,2,5,1,2,0,1,5,6,0
470,2,0,1,0,1,1,0,9,4,5,7,0,0,2,2,8,2,2,1,2,5,9,0
1004,1,1,1,4,0,1,2,7,2,5,3,0,1,3,2,5,1,5,0,2,5,10,0
100,3,0,1,4,1,1,8,7,2,5,1,0,0,3,2,8,2,3,0,2,5,1,0
134,4,1,1,2,0,1,10,6,2,5,4,0,0,3,2,5,1,2,2,2,5,7,0
145,2,0,1,3,1,0,13,7,2,5,1,0,0,3,2,1,1,2,1,1,5,3,0
137,5,1,1,2,0,1,7,6,1,5,7,0,1,3,2,4,1,5,3,3,5,9,0
704,4,0,1,4,0,0,9,8,3,5,1,0,0,0,2,8,1,2,2,2,5,3,0
657,2,0,1,3,0,2,4,8,5,4,1,0,0,0,2,2,1,2,3,3,5,9,0
657,3,0,1,4,0,1,0,8,5,5,1,0,0,0,2,8,2,8,2,2,5,0,0
127,5,2,1,2,0,1,7,6,2,5,7,0,0,3,2,7,1,2,2,2,5,9,0
702,5,0,1,4,0,0,9,9,4,5,1,0,0,0,2,8,1,2,3,3,5,3,0
604,2,0,1,1,1,2,4,1,4,5,1,0,0,2,2,8,1,2,0,1,5,2,0
612,6,0,1,2,0,1,4,5,4,5,1,0,3,0,4,8,1,2,1,1,5,10,0
708,3,0,1,4,0,0,7,7,2,5,1,0,0,0,2,8,1,2,2,2,4,0,0
126,5,1,1,2,0,1,8,6,2,5,6,0,0,3,2,7,1,2,2,2,5,9,0
413,4,1,1,4,0,0,7,8,2,5,7,0,0,0,2,7,2,2,2,2,5,14,0
308,2,1,1,4,0,2,3,7,2,5,3,1,1,3,2,5,2,2,1,2,5,9,0
703,4,0,1,4,0,1,9,8,5,5,1,0,0,0,2,8,1,2,3,3,5,9,0
101,5,0,1,4,0,0,0,8,4,5,5,0,0,3,2,1,1,2,2,2,5,4,0
7,3,1,1,4,0,2,5,7,4,5,7,0,0,0,2,8,2,2,1,2,5,6,0
375,4,1,1,4,0,2,5,4,4,5,6,0,0,0,2,6,1,2,0,2,4,2,0
494,3,0,1,1,0,2,1,4,2,5,7,0,0,2,2,8,2,2,1,2,5,14,0
101,3,0,1,3,1,1,8,6,3,5,1,0,0,3,2,2,2,2,2,2,5,8,0
657,3,0,1,1,1,1,0,11,4,5,0,0,0,0,2,6,2,2,3,3,5,2,0
657,3,0,1,1,1,1,0,11,4,5,0,0,0,0,2,8,2,2,3,3,5,0,0
889,5,1,1,1,0,0,6,6,4,5,1,0,0,3,2,1,1,2,0,2,5,9,0
306,2,1,1,4,0,2,0,8,4,5,4,1,1,3,2,0,2,3,2,2,5,9,0
657,2,0,1,3,0,1,6,6,3,4,2,0,0,0,2,8,1,4,0,2,5,4,0
654,2,0,1,4,0,1,7,5,3,5,2,0,0,0,2,8,1,3,0,1,5,4,0
375,4,1,1,4,0,3,7,6,4,5,2,0,2,2,3,7,1,2,2,2,5,11,0
463,2,1,1,1,1,1,3,2,2,5,7,0,0,2,2,8,2,2,3,3,5,1,0
98,6,0,1,5,0,1,1,8,3,5,7,0,0,3,2,2,2,4,2,2,5,2,0
279,3,2,1,1,1,2,4,8,4,3,6,0,0,3,2,6,1,2,0,2,5,3,0
386,4,1,1,2,0,1,0,9,1,5,7,0,0,2,2,8,2,2,2,2,0,10,0
648,3,1,1,4,0,2,8,3,1,5,7,0,2,0,3,6,1,2,0,1,5,10,0
380,4,0,1,2,1,1,0,6,4,5,6,0,0,3,2,1,2,2,0,1,5,1,0
142,5,2,1,4,0,3,0,8,4,5,7,0,2,3,2,3,1,2,0,1,5,3,0
121,4,1,1,2,0,2,0,7,4,5,5,0,0,3,2,5,1,2,0,2,5,9,0
954,2,1,1,4,0,2,5,6,1,4,5,0,3,2,2,2,1,8,0,2,5,12,0
469,2,0,1,3,0,1,7,7,3,5,7,0,0,2,2,8,2,2,1,2,5,0,0
376,4,1,1,3,0,2,3,5,3,5,7,0,0,0,2,6,1,2,0,2,3,4,0
898,5,1,1,1,0,1,5,6,3,5,1,0,0,3,2,2,2,2,0,2,5,9,0
101,3,0,1,2,1,1,8,4,2,5,1,0,0,3,2,5,2,2,0,2,5,1,0
706,3,0,1,4,0,0,2,9,4,5,0,0,0,0,2,8,1,2,3,3,5,12,0
379,4,0,1,2,1,1,0,5,4,5,5,0,0,3,2,1,2,2,0,1,5,1,0
192,0,2,1,1,0,2,5,4,1,5,1,0,0,3,2,8,3,6,0,2,5,3,0
381,3,0,1,1,1,1,0,6,3,5,6,0,0,2,2,2,1,2,0,1,5,1,0
375,4,1,1,2,0,1,0,1,4,5,1,0,2,3,3,1,2,2,1,1,5,1,0
312,3,1,1,3,1,1,0,7,4,5,1,1,0,3,2,0,2,3,1,2,5,9,0
374,4,0,1,4,0,2,4,4,4,5,6,0,0,0,2,5,1,2,0,2,5,3,0
633,6,0,1,3,2,1,6,5,3,5,0,0,0,3,2,5,2,2,2,2,5,3,0
406,4,0,1,4,0,0,12,6,4,5,2,0,0,3,2,7,2,3,0,1,5,14,0
718,1,1,1,3,0,2,7,7,2,5,5,0,2,0,3,6,2,2,0,2,5,4,0
91,5,0,1,4,0,2,4,6,2,5,7,0,0,2,2,8,2,11,0,2,5,1,0
517,5,1,1,2,0,2,4,2,2,5,7,0,0,3,2,8,2,2,2,2,5,16,0
59,4,0,1,5,0,1,0,7,4,5,7,0,0,1,2,3,2,2,2,2,5,2,0
307,2,1,1,2,0,0,0,7,2,5,3,0,1,3,2,0,2,4,1,2,5,9,0
100,3,0,1,1,0,1,6,2,2,5,2,0,0,3,2,3,2,5,1,2,5,1,0
936,3,2,1,1,0,0,7,6,4,5,1,0,0,3,2,4,1,2,0,2,5,6,0
101,3,0,1,1,0,1,7,3,2,5,1,0,0,3,2,2,2,2,2,2,5,3,0
101,3,0,1,1,0,1,7,2,2,5,1,0,0,3,2,2,2,3,2,2,5,0,0
467,2,1,1,4,0,1,3,7,4,5,7,0,0,2,2,8,2,2,3,3,5,1,0
709,4,0,1,4,0,0,12,9,5,5,1,0,0,0,2,8,1,4,2,2,2,0,0
656,4,1,1,4,0,0,7,6,2,5,3,0,0,0,2,5,1,3,1,2,5,7,0
657,2,0,1,3,0,2,6,6,2,3,2,0,0,0,2,3,1,2,3,3,5,4,0
463,2,1,1,2,0,2,0,9,4,4,7,0,0,2,2,8,2,1,0,2,5,10,0
277,2,2,1,1,0,2,4,9,3,3,7,0,0,3,2,7,1,2,0,2,5,3,0
593,2,0,1,2,1,2,7,3,2,5,1,0,0,1,2,5,1,2,1,2,5,1,0
100,3,0,1,4,1,3,6,7,2,5,1,0,0,3,2,2,2,4,1,2,5,0,0
114,4,1,1,2,0,1,8,7,2,5,4,0,0,3,2,5,1,2,3,3,5,10,0
101,3,0,1,1,0,1,7,1,2,5,1,0,0,3,2,2,2,3,2,2,5,0,0
311,2,1,1,4,0,2,4,7,2,5,1,1,0,3,2,7,2,2,0,2,5,9,0
409,1,1,1,1,0,1,6,7,0,5,2,0,0,1,2,8,1,2,0,2,3,4,0
712,2,1,1,1,0,2,2,8,2,5,2,0,0,0,2,3,2,2,0,2,5,7,0
713,3,0,1,4,0,0,13,8,5,5,1,0,0,0,2,8,1,4,1,2,2,0,0
659,1,0,1,1,0,2,4,6,0,1,6,0,0,0,2,7,1,4,3,3,5,8,0
842,4,1,1,2,0,1,7,5,3,5,1,0,0,1,2,4,2,2,1,2,5,9,0
1013,1,1,1,4,0,1,0,6,2,5,1,0,0,3,2,8,2,5,0,2,5,7,0
703,4,0,1,3,0,2,7,9,5,5,0,0,0,0,2,6,1,2,2,2,5,11,0
470,2,0,1,2,0,1,0,9,4,2,7,0,0,2,2,8,2,2,1,2,5,5,0
581,2,0,1,3,0,1,9,8,0,5,1,0,0,0,2,2,1,2,2,2,5,1,0
287,2,2,1,2,0,2,2,9,3,3,7,0,1,3,2,4,1,2,1,2,5,5,0
381,4,0,1,2,0,1,0,8,1,5,7,0,0,3,2,7,2,2,1,1,0,9,0
308,3,1,1,1,0,0,0,7,2,4,1,0,0,3,2,0,1,4,0,2,5,9,0
739,3,2,0,4,0,1,5,6,3,6,1,0,0,0,2,8,1,2,2,2,5,6,0
99,4,0,1,4,0,3,5,7,2,5,4,0,0,3,2,5,2,8,0,2,5,0,0
372,3,0,1,4,0,1,2,6,4,5,1,0,3,3,4,2,2,4,0,2,3,2,0
646,4,0,1,4,0,1,2,7,5,5,0,0,0,1,2,8,2,2,0,2,5,3,0
311,2,1,1,2,0,0,0,7,2,5,1,0,0,3,2,0,2,4,0,2,5,9,0
584,2,0,1,3,0,1,9,7,0,5,1,0,0,0,2,2,1,2,2,2,5,1,0
712,2,1,1,1,0,2,3,8,2,5,2,0,0,0,2,3,2,2,0,2,5,7,0
147,2,0,1,4,1,1,12,7,2,5,1,0,0,3,2,2,1,2,1,1,5,2,0
134,5,1,1,2,0,1,7,6,1,5,7,0,1,3,2,5,1,4,3,3,5,9,0
311,2,1,1,4,1,2,0,7,5,5,1,1,0,3,2,0,2,2,2,2,5,9,0
150,5,1,1,4,0,2,2,7,2,5,7,0,3,3,2,1,2,4,1,1,5,4,0
659,1,0,1,1,0,2,4,6,0,1,5,0,0,0,2,6,1,4,3,3,5,7,0
100,3,0,1,4,1,1,8,7,2,5,1,0,0,3,2,7,2,2,0,2,5,1,0
312,3,1,1,4,1,2,2,7,4,5,1,2,0,3,2,3,2,2,1,2,5,9,0
630,6,0,1,4,1,1,5,8,4,5,0,0,0,2,2,8,1,2,2,2,5,5,0
384,4,1,1,4,0,2,8,6,4,5,6,0,0,3,2,6,2,6,0,2,4,17,0
463,2,2,1,1,0,3,4,9,3,5,7,0,0,3,2,8,2,1,0,2,5,10,0
390,4,1,1,2,0,0,2,9,1,5,7,0,0,2,2,8,2,2,2,2,1,11,0
844,3,0,1,4,0,1,5,8,2,3,4,0,1,1,2,4,1,5,3,3,5,5,0
376,5,1,1,4,0,2,5,4,4,5,7,0,0,0,2,6,1,2,0,2,5,5,0
375,4,1,1,4,0,2,8,7,4,5,1,0,3,3,4,8,2,2,2,2,4,10,0
374,3,1,1,2,0,1,0,1,4,5,1,0,3,3,4,1,2,2,1,2,5,1,0
412,2,1,1,2,0,0,7,7,1,5,4,0,0,0,2,8,1,2,1,2,5,8,0
99,4,0,1,4,1,1,5,7,2,5,3,0,0,3,2,5,2,2,1,2,5,1,0
149,4,0,1,4,2,1,7,6,0,5,6,0,2,3,2,1,1,8,2,2,5,8,0
876,6,0,1,2,0,1,5,7,2,3,2,0,1,1,2,3,2,2,1,2,5,10,0
376,3,0,1,2,1,1,0,6,4,5,4,0,1,3,2,1,2,3,0,1,5,1,0
101,3,0,1,1,0,1,7,3,2,5,1,0,0,3,2,2,2,2,2,2,5,4,0
747,0,1,1,3,0,2,5,4,2,5,4,0,1,0,3,8,1,2,1,2,5,6,0
702,4,0,1,4,0,0,8,8,3,5,1,0,0,0,2,8,1,2,3,3,5,2,0
824,3,2,1,3,0,1,8,5,2,6,1,0,0,0,2,5,2,2,2,2,5,9,0
414,3,1,1,3,0,0,7,8,1,5,6,0,0,0,2,8,1,2,2,2,5,12,0
606,2,0,1,1,1,2,4,1,4,5,1,0,0,2,2,8,1,2,0,1,5,3,0
657,3,0,1,4,0,1,0,8,6,5,1,0,0,0,2,8,2,8,2,2,5,0,0
373,3,1,1,2,0,1,0,2,4,5,1,0,3,3,4,1,2,3,1,2,5,1,0
610,6,1,1,3,0,2,4,5,4,5,1,0,3,0,4,8,1,2,1,2,5,10,0
995,1,2,1,1,0,0,7,6,3,5,1,0,0,3,2,7,1,2,0,2,5,4,0
98,6,0,1,5,0,1,0,8,3,5,7,0,0,3,2,1,2,2,2,2,5,2,0
312,3,1,1,4,0,2,0,6,0,5,1,0,0,3,2,7,2,6,0,2,5,9,0
703,4,0,1,4,0,0,9,9,4,5,1,0,0,0,2,8,1,2,2,2,4,2,0
1003,1,2,1,2,0,0,4,7,3,5,1,0,0,3,2,8,1,2,0,2,5,6,0
101,3,0,1,4,2,2,8,8,3,5,1,0,0,3,2,2,2,2,2,2,5,9,0
269,2,3,1,1,0,1,5,8,4,3,7,0,0,3,2,7,1,2,0,2,5,3,0
399,4,1,1,4,0,1,7,7,3,5,7,0,0,1,2,6,2,4,1,2,5,16,0
415,4,0,1,4,0,0,10,7,3,5,3,0,0,1,2,8,2,2,1,1,5,13,0
470,2,0,1,2,0,1,0,9,4,2,7,0,0,2,2,8,2,2,1,2,5,5,0
111,2,0,1,0,0,0,0,7,4,5,1,1,0,3,2,1,1,2,0,2,5,9,0
394,4,1,1,2,0,1,1,10,1,5,7,0,0,1,2,8,2,2,2,2,0,12,0
136,5,1,1,4,0,2,3,6,2,5,7,0,1,3,2,4,1,5,1,2,5,9,0
192,0,2,1,1,0,2,6,0,3,5,1,0,0,3,2,8,3,0,1,2,5,8,0
415,4,1,1,2,1,0,5,11,2,5,7,0,0,0,2,8,2,3,2,2,1,15,0
410,1,1,1,2,0,1,7,7,0,5,3,0,0,1,2,8,1,2,1,2,5,6,0
470,2,0,1,0,1,1,0,9,4,5,7,0,0,2,2,8,2,2,1,2,5,10,0
628,6,0,1,4,1,0,5,8,4,5,0,0,0,2,2,8,1,2,1,1,5,4,0
702,5,0,1,4,0,1,9,9,5,5,1,0,0,0,2,8,1,2,3,3,5,11,0
937,3,1,1,4,0,2,5,7,1,4,5,0,3,1,2,3,1,6,1,2,5,11,0
101,3,0,1,3,1,3,7,5,2,5,1,0,0,3,2,2,2,3,2,2,5,0,0
278,2,2,1,1,0,2,4,9,3,3,7,0,0,3,2,6,1,2,0,2,5,3,0
486,3,0,1,3,0,1,1,6,4,5,7,0,0,2,2,8,2,2,2,2,5,8,0
650,1,0,1,2,0,3,6,3,1,3,7,0,1,0,3,8,1,3,1,1,5,9,0
650,4,2,1,4,0,1,8,4,0,5,7,0,1,0,2,4,1,2,1,2,5,11,0
150,5,1,1,4,0,2,0,8,3,5,7,0,3,3,2,1,2,2,0,1,5,2,0
383,4,0,1,3,0,1,5,6,4,5,7,0,0,3,2,4,2,5,0,1,5,12,0
657,2,0,1,3,0,2,7,6,3,4,1,0,0,0,2,2,1,2,3,3,5,3,0
98,5,0,1,4,0,1,1,7,3,5,5,0,0,3,2,1,2,2,2,2,5,2,0
192,0,1,1,1,0,2,5,5,1,5,1,0,0,3,2,8,3,6,0,2,5,4,0
141,5,1,1,3,1,1,7,6,0,5,7,0,1,3,2,3,1,6,3,3,5,9,0
75,5,0,1,5,0,1,0,8,4,5,7,0,0,2,2,2,2,2,2,2,5,2,0
99,4,0,1,4,1,3,6,7,2,5,3,0,0,3,2,4,2,6,1,2,5,0,0
554,4,3,0,0,2,0,4,7,4,5,7,0,3,0,2,2,3,2,2,2,5,8,0
487,3,0,1,0,1,2,1,6,3,5,7,0,0,2,2,8,2,2,1,2,5,13,0
973,2,0,1,4,0,1,1,6,1,4,1,0,0,2,2,7,2,5,0,2,5,7,0