Time,Day_of_week,Age_band_of_driver,Sex_of_driver,Educational_level,Vehicle_driver_relation,Driving_experience,Type_of_vehicle,Area_accident_occured,Lanes_or_Medians,Road_allignment,Types_of_Junction,Road_surface_type,Road_surface_conditions,Light_conditions,Weather_conditions,Type_of_collision,Number_of_vehicles_involved,Vehicle_movement,Casualty_class,Casualty_severity,Pedestrian_movement,Cause_of_accident,Accident_severity
306,2,1,1,4,0,2,0,7,1,5,4,0,1,3,2,3,2,5,1,2,5,9,0
708,3,0,1,3,0,0,0,9,3,5,0,0,0,0,2,5,2,2,2,2,5,13,0
608,3,0,1,1,1,2,4,2,4,5,1,0,0,2,2,8,1,2,0,1,5,4,0
657,3,0,1,2,1,1,1,10,4,5,0,0,0,0,2,5,2,2,3,3,5,4,0
602,6,1,1,3,0,2,4,3,4,5,1,0,3,0,4,8,1,2,2,2,5,9,0
517,5,1,1,2,0,2,6,3,2,5,7,0,0,3,2,8,2,2,2,2,5,13,0
615,6,0,1,2,0,1,4,6,4,5,1,0,3,0,4,8,1,2,0,1,5,11,0
99,4,0,1,4,1,1,7,7,2,5,3,0,0,3,2,8,2,5,0,2,5,1,0
657,3,0,1,4,0,1,6,6,4,5,1,0,0,0,2,6,2,3,0,2,5,4,0
192,0,1,1,1,0,1,5,6,0,5,1,0,0,3,2,8,3,8,0,2,5,1,0
1004,1,1,1,4,0,1,1,7,2,5,3,0,1,3,2,5,1,5,0,2,5,10,0
657,3,0,1,4,0,1,0,7,6,5,1,0,0,0,2,8,2,2,0,2,5,2,0
653,5,3,1,4,0,0,8,5,0,5,7,0,0,0,2,3,1,2,2,2,5,12,0
410,4,0,1,3,0,0,11,7,3,5,1,0,0,3,2,8,2,2,0,1,4,12,0
117,2,0,1,0,0,0,2,7,3,5,1,1,0,3,2,1,1,2,0,1,5,8,0
626,6,0,1,2,0,1,4,9,4,5,0,0,2,0,3,8,1,2,0,1,5,9,0
109,2,0,1,1,0,0,0,7,4,5,2,1,0,3,2,1,1,2,0,2,5,7,0
101,3,0,1,4,2,1,9,8,3,5,1,0,0,3,2,3,2,2,2,2,5,9,0
101,3,0,1,4,2,3,7,7,2,5,1,0,0,3,2,2,2,2,2,2,5,2,0
643,4,1,1,2,1,2,8,3,2,5,0,0,0,1,2,2,2,2,3,3,5,1,0
470,2,0,1,4,0,1,0,9,5,3,7,0,0,2,2,8,2,2,2,2,5,3,0
969,2,1,1,3,0,1,1,8,2,5,1,0,0,3,2,5,2,2,0,2,5,9,0
709,3,0,1,4,0,0,9,7,3,5,1,0,0,0,2,8,1,3,2,2,3,0,0
470,2,0,1,3,0,1,0,9,5,5,7,0,0,2,2,8,2,2,2,2,5,3,0
630,6,0,1,2,1,1,7,3,2,5,0,0,0,2,2,3,1,2,2,2,5,3,0
99,4,0,1,4,1,3,6,7,2,5,3,0,0,3,2,4,2,7,1,2,5,0,0
477,2,0,1,0,1,1,1,8,3,5,7,0,0,2,2,8,2,2,1,2,5,10,0
98,5,0,1,4,0,1,1,7,3,5,5,0,0,3,2,1,2,2,2,2,5,2,0
396,1,0,1,1,0,1,4,6,1,5,3,0,0,2,2,5,1,2,0,1,5,1,0
657,3,0,1,2,1,1,0,10,4,5,0,0,0,0,2,8,2,4,3,3,5,0,0
312,3,1,1,2,0,0,0,7,3,5,1,0,0,3,2,0,2,3,0,2,5,9,0
705,3,1,1,2,0,2,4,9,3,5,0,0,0,0,2,4,1,2,1,2,5,10,0
192,0,1,1,1,0,1,8,4,4,5,1,0,0,3,2,8,3,0,1,2,5,9,0
532,4,2,0,2,0,0,7,7,2,5,7,0,1,1,2,5,2,2,2,2,5,9,0
148,3,0,1,4,1,1,8,7,2,5,3,0,1,3,2,2,1,2,1,1,5,2,0
651,4,2,1,4,0,1,8,4,0,5,7,0,1,0,2,4,1,2,1,2,5,11,0
194,0,2,1,1,0,1,7,0,4,5,1,0,0,3,2,7,2,0,1,2,5,9,0
876,6,0,1,2,0,1,5,7,2,3,2,0,1,1,2,4,2,2,1,2,5,10,0
713,3,0,1,4,0,0,13,8,5,5,1,0,0,0,2,8,1,4,1,2,2,0,0
778,2,2,0,4,0,1,5,6,4,6,3,0,0,1,2,5,1,5,2,2,5,4,0
104,2,0,1,2,1,1,6,8,4,5,1,0,0,3,2,1,1,2,2,2,5,11,0
792,0,0,1,2,0,2,2,3,4,5,3,0,0,1,2,5,1,5,3,3,5,6,0
376,4,1,1,4,0,2,9,6,4,5,1,0,2,3,3,7,2,2,1,2,1,2,0
303,2,1,1,4,0,2,0,8,2,5,6,1,2,3,2,1,2,3,2,2,5,9,0
712,3,0,1,3,0,0,11,9,5,5,0,0,0,0,2,6,1,4,1,2,2,1,0
706,4,0,1,4,0,0,11,9,4,5,1,0,0,0,2,8,1,3,2,2,3,1,0
591,4,1,1,4,0,2,6,4,2,5,1,0,1,0,3,5,1,2,3,3,5,6,0
923,3,1,1,2,0,1,5,6,3,5,3,0,1,3,2,1,1,5,0,2,5,11,0
371,3,0,1,4,0,1,1,6,4,5,1,0,3,3,4,1,2,4,0,2,5,4,0
130,5,1,1,2,0,1,7,6,1,5,7,0,0,3,2,6,1,3,3,3,5,9,0
463,2,3,1,3,0,2,9,5,1,5,7,0,0,3,2,8,2,2,3,3,5,0,0
705,3,1,1,2,0,1,4,9,2,5,0,0,0,0,2,4,1,2,1,2,5,6,0
529,4,1,1,2,0,1,1,3,3,5,7,0,1,1,2,8,2,2,2,2,5,12,0
149,4,0,1,4,2,1,8,6,0,5,5,0,2,3,2,1,1,7,2,2,5,7,0
643,2,0,1,3,0,3,7,2,2,5,6,0,3,0,4,8,1,2,0,1,5,10,0
371,3,0,1,3,0,1,0,5,4,5,1,0,3,3,4,1,2,4,0,2,5,2,0
466,2,1,1,2,0,2,8,8,2,5,7,0,0,2,2,8,2,2,1,2,5,4,0
517,5,1,1,2,0,2,5,3,2,5,7,0,0,3,2,8,2,2,2,2,5,14,0
703,4,0,1,4,0,0,8,8,3,5,1,0,0,0,2,8,1,2,3,3,5,2,0
100,3,0,1,4,1,1,6,9,4,5,2,0,0,3,2,1,2,2,3,3,5,9,0
599,6,2,1,4,0,2,5,2,4,5,1,0,3,0,4,8,1,2,2,2,5,7,0
649,3,0,1,3,0,1,7,4,3,5,0,0,0,0,2,6,2,3,0,2,5,2,0
101,3,0,1,4,2,1,9,8,3,5,1,0,0,3,2,2,2,2,2,2,5,10,0
703,4,0,1,4,0,1,9,8,5,5,1,0,0,0,2,8,1,2,3,3,5,9,0
876,6,0,1,3,0,1,5,8,1,3,2,0,2,0,2,5,2,2,2,2,5,10,0
463,2,3,1,3,0,2,9,5,1,5,7,0,0,3,2,8,2,2,3,3,5,0,0
463,2,2,1,1,0,3,9,8,2,5,7,0,0,3,2,8,2,2,1,2,5,8,0
577,2,0,0,3,0,0,9,8,0,5,1,0,0,0,2,2,1,2,2,2,5,2,0
826,3,1,1,4,0,1,8,6,1,5,1,0,1,0,2,7,2,2,3,3,5,9,0
800,1,2,1,4,0,2,8,5,2,6,2,0,0,0,2,6,1,4,3,3,5,6,0
105,3,0,1,3,1,1,8,8,3,5,1,0,0,3,2,2,1,2,3,3,5,11,0
466,2,0,1,2,0,1,1,5,4,5,7,0,0,2,2,8,2,2,3,3,5,2,0
469,2,0,1,0,1,2,0,9,4,5,7,0,0,2,2,8,2,1,0,2,5,11,0
308,2,1,1,4,1,2,0,7,4,5,3,1,1,3,2,0,2,2,2,2,5,9,0
375,4,1,1,4,0,2,9,7,4,5,1,0,3,3,4,8,2,2,2,2,2,5,0
657,3,0,1,4,0,1,7,6,4,5,1,0,0,0,2,5,2,3,1,2,5,3,0
554,4,3,0,0,2,0,4,7,4,5,7,0,3,0,2,2,3,2,2,2,5,8,0
642,4,0,1,4,1,1,2,8,4,5,0,0,0,1,2,8,2,2,1,2,5,4,0
143,5,1,1,3,1,1,7,6,0,5,7,0,2,3,2,3,1,6,3,3,5,9,0
657,3,0,1,3,0,1,6,6,4,5,0,0,0,0,2,8,2,3,0,2,5,2,0
375,4,1,1,2,0,1,4,3,4,5,1,0,3,3,4,3,2,2,2,2,3,0,0
410,1,1,1,2,0,1,7,7,0,5,3,0,0,1,2,8,1,2,1,2,5,6,0
499,3,1,1,2,0,1,6,7,2,5,7,0,0,2,2,8,2,2,2,2,5,9,0
995,1,2,1,1,0,0,7,6,3,5,2,0,0,3,2,6,1,3,0,2,5,5,0
415,4,0,1,4,0,0,10,7,3,5,3,0,0,1,2,8,2,2,1,1,5,13,0
302,2,1,1,3,0,2,0,9,3,4,7,0,2,3,2,1,1,3,2,2,5,8,0
630,6,0,1,2,1,1,7,4,2,5,0,0,0,2,2,3,1,2,2,2,5,4,0
140,5,1,1,4,1,1,4,6,1,5,7,0,1,3,2,3,1,6,2,2,5,9,0
657,3,1,1,4,0,2,7,6,4,5,1,0,0,0,2,2,2,2,3,3,5,4,0
657,3,0,1,4,0,2,2,9,6,5,1,0,0,0,2,3,2,3,3,3,5,6,0
501,4,1,1,2,0,1,6,7,2,5,7,0,0,2,2,8,2,2,2,2,5,9,0
704,4,0,1,4,0,1,8,8,4,5,1,0,0,0,2,8,1,2,3,3,5,7,0
192,0,1,1,1,0,1,5,6,0,5,1,0,0,3,2,8,3,7,0,2,5,2,0
713,3,0,1,4,0,0,13,8,5,5,1,0,0,0,2,8,1,4,1,2,2,0,0
657,3,1,1,4,0,2,6,7,4,5,1,0,0,0,2,2,2,2,3,3,5,5,0
98,5,0,1,4,0,3,5,7,2,5,5,0,0,3,2,6,2,9,0,2,5,0,0
312,3,1,1,3,0,1,3,7,2,5,1,1,0,3,2,4,2,3,0,2,5,9,0
803,0,1,1,4,0,2,7,6,3,5,4,0,0,1,2,4,1,6,3,3,5,3,0
648,3,1,1,4,0,2,8,3,1,5,7,0,2,0,3,6,1,2,0,1,5,10,0
655,5,3,1,3,0,0,8,6,0,4,7,0,0,0,2,2,1,2,3,3,5,12,0
101,3,0,1,2,0,1,7,3,2,5,1,0,0,3,2,4,2,2,1,2,5,1,0
609,6,1,1,3,0,2,4,5,4,5,1,0,3,0,4,8,1,2,1,2,5,10,0
192,0,1,1,1,0,2,5,5,2,5,1,0,0,3,2,8,3,4,0,2,5,7,0
819,3,2,1,4,0,1,8,6,1,5,1,0,0,0,2,7,2,2,3,3,5,9,0
126,6,2,1,3,0,2,3,6,3,5,7,0,0,3,2,8,1,2,1,2,5,9,0
463,2,1,1,0,0,3,9,9,2,5,7,0,0,2,2,8,2,2,1,2,5,9,0
839,4,1,1,4,0,1,7,7,1,4,2,0,1,0,2,6,2,2,3,3,5,9,0
657,3,0,1,4,0,2,2,9,6,5,1,0,0,0,2,4,2,5,3,3,5,5,0
899,5,1,1,1,0,1,4,6,3,5,1,0,0,3,2,2,2,2,0,2,5,9,0
585,3,0,1,4,0,0,8,8,1,5,1,0,0,0,2,3,1,2,2,2,5,1,0
702,4,0,1,4,0,0,8,8,3,5,1,0,0,0,2,8,1,2,3,3,5,2,0
71,5,0,1,5,0,1,2,9,4,5,7,0,0,2,2,3,2,2,2,2,5,5,0
372,3,0,1,4,0,1,3,6,4,5,1,0,3,3,4,4,2,3,1,2,5,7,0
375,4,1,1,4,0,2,8,7,4,5,1,0,3,3,4,8,2,2,2,2,4,11,0
126,5,1,1,2,0,1,7,6,1,5,7,0,0,3,2,7,1,2,3,3,5,9,0
657,3,0,1,4,0,1,0,7,6,5,1,0,0,0,2,8,2,4,1,2,5,1,0
956,3,0,1,4,0,1,2,7,1,4,1,0,1,1,2,7,2,4,1,2,5,8,0
380,5,1,1,4,0,2,6,5,4,5,7,0,0,1,2,6,1,4,0,2,5,11,0
405,4,1,1,4,0,0,7,8,2,5,7,0,0,0,2,7,2,3,2,2,5,15,0
643,2,0,1,3,0,3,8,2,2,5,5,0,2,0,3,6,1,2,0,1,5,8,0
409,0,1,1,1,0,1,7,6,0,5,2,0,0,1,2,8,1,2,0,2,5,4,0
762,1,2,1,4,0,2,10,5,2,6,3,0,1,0,2,8,2,3,1,2,5,6,0
463,2,1,1,1,1,1,3,2,2,5,7,0,0,2,2,8,2,2,3,3,5,1,0
412,2,1,1,3,0,0,7,8,1,5,5,0,0,0,2,8,1,2,2,2,5,9,0
101,3,0,1,4,2,3,7,7,2,5,1,0,0,3,2,2,2,2,2,2,5,3,0
1013,1,1,1,4,0,1,0,8,2,5,1,0,0,3,2,8,2,2,0,2,5,8,0
147,5,1,1,3,1,1,7,6,0,5,7,0,2,3,2,1,1,8,3,3,5,9,0
100,3,0,1,4,1,2,8,8,3,5,2,0,0,3,2,3,2,3,2,2,5,9,0
467,2,1,1,4,0,1,7,6,3,5,7,0,0,2,2,8,2,2,2,2,5,0,0
375,4,1,1,4,0,3,7,6,4,5,2,0,2,2,3,7,1,2,2,2,5,10,0
306,2,1,1,4,0,2,0,7,1,5,4,0,1,3,2,4,2,5,1,2,5,9,0
98,6,0,1,4,0,2,3,7,2,5,7,0,0,3,2,5,2,8,0,2,5,1,0
591,4,1,1,4,0,0,6,7,3,6,1,0,1,0,3,5,1,2,1,1,5,0,0
413,3,1,1,1,1,1,5,10,1,5,5,0,0,0,2,8,1,3,1,2,1,12,0
638,4,0,1,2,1,2,8,2,2,5,3,0,1,1,2,4,1,2,1,2,5,5,0
98,6,0,1,4,0,2,2,7,2,5,7,0,0,3,2,4,2,7,1,2,5,1,0
465,2,1,1,2,1,1,2,4,3,5,7,0,0,2,2,8,2,2,3,3,5,1,0
415,4,0,1,3,0,0,13,7,3,5,1,0,0,2,2,8,2,2,0,1,4,13,0
150,5,1,1,4,0,2,3,7,2,5,7,0,3,3,2,1,2,5,1,1,5,4,0
469,2,0,1,4,0,1,7,6,3,5,7,0,0,2,2,8,2,2,2,2,5,0,0
275,3,2,1,1,0,2,5,8,3,3,6,0,0,3,2,8,1,2,0,2,5,3,0
789,0,0,1,2,0,2,1,2,4,5,2,0,0,0,2,6,1,4,3,3,5,7,0
312,3,1,1,4,1,2,1,7,4,5,1,2,0,3,2,2,2,2,1,2,5,9,0
734,2,2,0,4,0,2,8,6,2,5,4,0,1,0,3,8,1,2,0,2,5,5,0
702,4,0,1,3,0,0,8,9,3,5,0,0,0,0,2,7,1,2,2,2,5,3,0
817,2,0,1,2,0,1,1,3,2,4,1,0,1,0,2,7,1,2,3,3,5,10,0
712,3,0,1,4,0,0,13,8,5,5,1,0,0,0,2,8,1,4,2,2,2,0,0
469,2,0,1,3,0,1,0,8,5,5,7,0,0,2,2,8,2,2,3,3,5,2,0
372,3,0,1,4,0,1,2,6,4,5,1,0,3,3,4,2,2,4,0,2,3,2,0
637,4,0,1,4,1,1,5,6,3,5,2,0,0,2,2,8,1,2,1,1,5,6,0
708,2,1,1,1,0,2,0,8,2,5,0,0,0,0,2,1,2,2,0,2,5,8,0
601,2,1,1,1,1,2,5,0,4,5,1,0,0,2,2,8,1,2,0,1,5,0,0
377,4,0,1,3,0,1,5,7,4,5,3,0,1,3,3,5,2,2,1,1,2,0,0
147,2,0,1,4,2,1,13,6,1,5,1,0,0,3,2,1,1,3,2,1,5,3,0
99,4,0,1,5,0,1,3,9,4,5,4,0,0,3,2,1,2,2,3,3,5,6,0
381,4,0,1,2,1,1,0,6,4,5,7,0,0,3,2,2,2,2,0,1,5,1,0
101,3,0,1,4,2,3,7,7,2,5,1,0,0,3,2,2,2,2,2,2,5,1,0
624,6,0,1,2,0,1,4,8,3,5,0,0,2,0,3,7,1,2,0,1,5,11,0
710,3,1,1,2,0,1,6,9,3,5,0,0,0,0,2,4,1,3,0,2,3,5,0
467,2,1,1,4,0,1,3,7,4,5,7,0,0,2,2,8,2,2,3,3,5,1,0
463,2,2,1,1,0,3,7,9,2,5,7,0,0,3,2,8,2,1,0,2,5,9,0
720,1,0,1,4,0,2,10,7,2,5,6,0,2,0,3,8,1,3,0,2,4,2,0
375,4,1,1,3,0,2,4,3,4,5,6,0,0,0,2,5,1,2,0,2,5,2,0
312,3,1,1,2,0,0,0,7,2,5,1,0,0,3,2,0,2,4,0,2,5,9,0
655,5,3,1,4,0,0,8,6,0,5,6,0,0,0,2,2,1,2,3,3,5,12,0
710,2,0,1,4,0,1,7,7,2,5,2,0,0,0,2,8,2,2,2,2,5,1,0
709,3,1,1,2,0,1,4,9,3,5,0,0,0,0,2,3,1,3,0,2,3,5,0
375,4,1,1,4,0,3,6,5,4,5,3,0,1,1,3,7,1,2,1,2,5,9,0
372,3,0,1,3,0,1,0,6,4,5,2,0,2,3,3,1,2,4,0,1,5,2,0
98,5,0,1,4,0,3,5,7,2,5,6,0,0,3,2,7,2,11,0,2,5,0,0
465,2,1,1,1,1,1,4,3,2,5,7,0,0,2,2,8,2,2,2,2,5,0,0
312,3,1,1,4,0,2,1,6,0,5,1,0,0,3,2,8,2,5,0,2,5,9,0
383,4,1,1,4,0,2,8,6,4,5,5,0,0,3,2,6,2,6,0,2,5,17,0
657,3,0,1,3,0,1,6,6,4,5,0,0,0,0,2,8,2,3,0,2,5,2,0
1010,1,1,1,3,0,0,0,6,2,5,1,0,0,3,2,8,1,6,0,2,5,6,0
381,4,1,1,2,0,0,0,9,1,5,7,0,0,2,2,8,2,2,2,2,0,10,0
222,1,2,1,1,0,1,7,2,6,5,5,0,0,3,2,3,1,1,0,2,5,10,0
703,4,0,1,4,0,0,6,9,4,5,0,0,0,0,2,8,1,2,3,3,5,6,0
657,3,0,1,4,0,1,0,8,6,5,1,0,0,0,2,8,2,6,1,2,5,1,0
7,3,0,1,4,0,1,2,6,4,5,7,0,0,0,2,8,2,2,1,2,5,3,0
150,5,1,1,4,0,2,0,8,3,5,7,0,3,3,2,1,2,2,0,1,5,1,0
300,2,1,1,3,0,2,0,9,3,4,7,0,2,3,2,1,1,3,2,2,5,8,0
657,3,0,1,4,0,1,6,6,4,5,1,0,0,0,2,8,2,4,0,2,5,2,0
797,2,3,0,4,0,1,9,5,2,7,1,0,0,0,2,8,1,2,2,2,5,9,0
785,2,3,0,4,0,1,8,5,2,7,1,0,0,0,2,8,1,2,2,2,5,9,0
465,2,1,1,2,0,2,8,8,2,5,7,0,0,2,2,8,2,2,1,2,5,5,0
371,3,0,1,4,0,1,0,6,4,5,1,0,3,3,4,1,2,4,0,2,4,2,0
150,5,1,1,4,0,2,1,8,3,5,7,0,3,3,2,1,2,3,0,1,5,2,0
657,3,0,1,3,0,1,0,9,5,5,0,0,0,0,2,8,2,8,3,3,5,0,0
103,2,0,1,2,1,1,6,8,4,5,1,0,0,3,2,1,1,2,2,2,5,11,0
599,5,1,1,3,0,0,5,5,5,6,1,0,2,0,3,8,1,2,0,1,5,0,0
654,5,3,1,4,0,0,8,5,0,5,7,0,0,0,2,2,1,2,2,2,5,12,0
371,3,0,1,4,0,1,0,6,4,5,1,0,3,3,4,1,2,4,0,2,5,3,0
797,0,0,1,3,0,2,3,4,4,5,4,0,0,1,2,4,1,6,3,3,5,3,0
830,3,2,1,2,0,1,8,5,2,6,1,0,0,1,2,5,2,2,1,2,5,9,0
599,6,1,1,3,0,2,4,2,4,5,1,0,3,0,4,8,1,2,2,2,5,9,0
649,1,0,1,3,0,3,6,3,1,3,7,0,2,0,3,8,1,2,0,1,5,9,0
470,2,0,1,4,0,1,1,9,4,1,7,0,0,2,2,8,2,2,1,2,5,2,0
467,2,1,1,4,0,1,3,7,4,5,7,0,0,2,2,8,2,2,3,3,5,1,0
98,5,0,1,3,0,2,5,5,2,5,5,0,0,3,2,6,2,9,0,2,5,1,0
101,3,0,1,4,2,1,9,8,3,5,1,0,0,3,2,4,2,2,1,2,5,7,0
528,4,2,1,4,0,0,6,7,3,5,7,0,0,2,2,8,2,2,2,2,5,7,0
375,4,1,1,4,0,2,7,5,4,5,3,0,1,1,3,7,1,2,1,2,2,1,0
501,4,0,1,2,0,2,2,3,3,5,7,0,0,2,2,8,2,2,2,2,5,13,0
304,2,1,1,4,0,2,0,8,2,5,6,0,2,3,2,2,2,4,2,2,5,9,0
467,2,0,1,3,0,1,0,9,4,2,7,0,0,2,2,8,2,1,0,2,5,5,0
772,2,2,0,4,0,1,5,6,4,6,3,0,0,1,2,5,1,4,2,2,5,5,0
197,0,2,1,1,0,1,5,5,0,5,1,0,0,3,2,7,2,8,0,2,5,2,0
912,4,1,1,1,0,1,5,6,3,5,2,0,0,3,2,1,1,4,0,2,5,10,0
469,2,0,1,4,0,1,0,8,5,5,7,0,0,2,2,8,2,2,3,3,5,2,0
312,3,1,1,2,0,1,1,7,2,5,1,0,0,3,2,3,2,3,0,2,5,9,0
382,4,0,1,2,1,1,3,6,4,5,7,0,0,3,2,3,2,4,0,1,5,8,0
463,2,3,1,4,0,1,9,6,1,5,7,0,0,2,2,8,2,2,2,2,5,0,0
657,3,0,1,4,0,1,4,6,4,5,1,0,0,0,2,8,2,3,0,2,5,3,0
517,5,1,1,3,0,1,8,5,2,5,7,0,0,3,2,8,2,2,2,2,5,11,0
599,4,1,1,3,0,0,5,4,5,6,1,0,2,0,3,8,1,2,0,1,5,0,0
312,3,1,1,3,0,2,3,7,2,5,1,1,0,3,2,5,2,2,0,2,5,9,0
656,4,2,1,3,0,0,7,6,0,3,7,0,0,0,2,3,1,2,3,3,5,11,0
853,4,0,1,4,0,1,6,7,1,4,2,0,2,0,2,6,2,2,3,3,5,9,0
375,4,1,1,3,0,2,3,2,4,5,4,0,1,1,2,4,1,2,0,2,5,2,0
380,3,0,1,2,1,1,0,6,4,5,6,0,0,3,2,1,2,2,0,1,5,1,0
277,3,2,1,1,0,2,5,8,3,3,6,0,0,3,2,8,1,2,0,2,5,3,0
651,1,0,1,2,0,3,6,3,1,3,7,0,1,0,3,8,1,3,1,1,5,9,0
984,1,1,1,3,0,2,5,6,2,5,6,0,2,3,2,1,1,10,0,2,5,12,0
523,4,1,0,1,0,2,3,2,2,5,7,0,0,2,2,6,2,2,2,2,5,16,0
556,3,2,1,4,1,0,0,7,5,5,6,0,2,0,2,7,2,2,2,2,5,2,0
876,6,0,1,1,0,1,5,6,3,4,1,0,0,2,2,2,2,2,0,2,5,10,0
702,4,0,1,4,0,0,8,9,4,5,0,0,0,0,2,8,1,2,3,3,5,3,0
305,2,1,1,4,0,2,1,8,2,5,5,1,2,3,2,3,2,3,2,2,5,9,0
463,2,3,1,3,0,2,9,5,1,5,7,0,0,3,2,8,2,2,3,3,5,0,0
99,4,0,1,5,0,1,3,8,3,5,4,0,0,3,2,3,2,2,1,2,5,2,0
767,2,2,0,3,0,1,2,3,4,6,1,0,0,0,2,8,1,2,2,2,5,9,0
312,3,1,1,3,1,1,0,7,4,5,1,1,0,3,2,0,2,3,1,2,5,9,0
572,2,0,1,4,0,0,6,8,1,5,2,0,0,0,2,3,1,2,2,2,5,2,0
376,4,1,1,3,0,2,6,7,3,5,2,0,2,3,3,8,2,2,2,2,4,12,0
126,6,2,1,2,0,1,5,6,2,5,7,0,0,3,2,8,1,2,2,2,5,9,0
149,4,0,1,4,2,1,8,6,0,5,5,0,2,3,2,1,1,7,2,2,5,7,0
984,2,0,1,4,0,1,1,6,1,4,1,0,0,2,2,7,2,5,0,2,5,7,0
711,3,0,1,3,0,0,10,9,5,5,0,0,0,0,2,6,1,4,1,2,2,2,0
415,4,0,1,4,0,0,9,8,2,5,4,0,0,1,2,8,2,2,1,2,5,13,0
467,2,1,1,4,0,1,8,6,2,5,7,0,0,2,2,8,2,2,2,2,5,0,0
802,0,1,1,4,0,2,7,6,3,5,4,0,0,1,2,4,1,6,3,3,5,4,0
711,2,1,1,1,0,2,2,8,2,5,1,0,0,0,2,2,2,2,0,2,5,7,0
648,2,0,1,4,0,3,7,2,2,5,5,0,2,0,3,8,1,2,0,1,5,8,0
1012,1,1,1,3,0,0,0,6,2,5,1,0,0,3,2,8,1,6,0,2,5,6,0
98,5,0,1,5,0,1,2,9,4,5,5,0,0,3,2,1,2,2,3,3,5,5,0
703,4,0,1,4,0,1,10,9,6,5,1,0,0,0,2,8,1,2,2,2,4,9,0
707,3,0,1,4,0,0,0,9,4,5,0,0,0,0,2,8,1,2,3,3,5,15,0
378,4,0,1,2,1,1,0,4,4,5,4,0,1,3,2,1,2,2,0,1,5,1,0
708,3,0,1,2,0,0,0,9,3,5,0,0,0,0,2,5,2,2,1,2,5,13,0
388,4,1,1,2,0,1,1,9,1,5,7,0,0,2,2,8,2,2,2,2,0,11,0
155,4,1,1,3,1,1,6,6,0,5,6,0,2,3,2,1,2,9,2,2,5,7,0
702,4,0,1,3,0,0,7,9,3,5,0,0,0,0,2,6,1,2,2,2,5,3,0
657,3,0,1,4,0,1,5,6,4,5,1,0,0,0,2,8,2,5,0,2,5,2,0
554,4,3,0,2,2,0,1,7,5,5,7,0,3,0,2,6,3,2,2,2,5,4,0
192,0,1,1,1,0,2,5,5,1,5,1,0,0,3,2,8,3,7,0,2,5,3,0
398,4,1,1,4,0,1,7,7,3,5,7,0,0,1,2,6,2,4,1,2,5,16,0
98,5,0,1,4,0,2,5,7,2,5,6,0,0,3,2,8,2,11,0,2,5,1,0
375,4,1,1,4,0,2,7,5,4,5,3,0,1,1,3,7,1,2,1,2,2,1,0
114,2,1,1,0,0,0,0,6,3,5,1,1,0,3,2,1,1,2,0,2,5,9,0
383,4,1,1,4,0,2,8,6,4,5,6,0,0,3,2,6,2,6,0,2,5,17,0
1013,1,1,1,4,0,1,0,8,2,5,1,0,0,3,2,8,2,2,0,2,5,8,0
470,2,0,1,4,0,1,5,7,4,3,7,0,0,2,2,8,2,2,1,2,5,0,0
375,4,1,1,4,0,2,9,6,4,5,2,0,2,2,3,7,1,2,1,2,1,0,0
1013,1,1,1,4,0,1,0,6,2,5,1,0,0,3,2,8,2,5,0,2,5,7,0
398,4,0,1,3,0,0,7,7,2,5,3,0,0,3,2,8,2,2,0,1,2,11,0
98,5,0,1,4,0,2,6,7,2,5,5,0,0,3,2,8,2,9,0,2,5,1,0
1005,1,1,1,2,0,0,3,8,2,5,1,0,0,3,2,8,1,2,0,2,5,6,0
992,1,2,1,3,0,2,5,6,2,5,6,0,2,3,2,1,1,9,0,2,5,11,0
657,3,0,1,1,1,1,2,10,4,5,0,0,0,0,2,8,2,2,2,2,5,1,0
312,3,1,1,4,1,2,0,6,5,5,1,1,0,3,2,0,2,2,1,2,5,9,0
541,4,2,0,0,1,1,4,4,3,5,7,0,1,1,2,4,2,2,2,2,5,12,0
468,2,0,1,3,0,1,6,5,3,5,7,0,0,2,2,8,2,2,2,2,5,0,0
410,1,1,1,2,0,1,7,7,0,5,3,0,0,1,2,8,1,2,1,2,5,5,0
376,4,1,1,3,0,2,6,7,3,5,2,0,2,3,3,8,2,2,2,2,4,12,0
375,4,1,1,4,0,3,6,5,4,5,4,0,1,1,2,6,1,2,1,2,5,6,0
192,0,1,1,1,0,2,5,5,1,5,1,0,0,3,2,8,3,6,0,2,5,5,0
197,0,2,1,1,0,1,7,0,4,5,1,0,0,3,2,7,2,0,1,2,5,9,0
463,2,2,1,1,0,3,9,8,2,5,7,0,0,3,2,8,2,2,1,2,5,8,0
214,1,2,1,1,0,1,8,6,6,5,4,0,0,3,2,4,1,1,0,2,5,9,0
372,3,0,1,4,0,1,3,6,4,5,1,0,3,3,4,3,2,3,1,2,5,6,0
708,3,1,1,1,0,1,0,8,2,5,0,0,0,0,2,1,2,2,0,2,5,8,0
98,5,0,1,4,0,2,5,7,2,5,6,0,0,3,2,8,2,10,0,2,5,1,0
657,3,0,1,4,0,1,6,6,4,5,1,0,0,0,2,7,2,3,0,2,5,3,0
657,3,0,1,4,0,1,6,6,4,5,1,0,0,0,2,3,2,3,3,3,5,2,0
601,2,1,1,1,1,2,5,1,4,5,1,0,0,2,2,8,1,2,0,1,5,0,0