Time,Day_of_week,Age_band_of_driver,Sex_of_driver,Educational_level,Vehicle_driver_relation,Driving_experience,Type_of_vehicle,Area_accident_occured,Lanes_or_Medians,Road_allignment,Types_of_Junction,Road_surface_type,Road_surface_conditions,Light_conditions,Weather_conditions,Type_of_collision,Number_of_vehicles_involved,Vehicle_movement,Casualty_class,Casualty_severity,Pedestrian_movement,Cause_of_accident,Accident_severity
595,5,1,1,4,0,0,6,6,4,6,1,0,2,0,3,6,1,2,0,1,5,0,0
979,2,1,1,3,0,1,1,6,2,5,1,0,0,3,2,6,2,5,0,2,5,7,0
149,4,0,1,4,2,1,7,6,0,5,6,0,2,3,2,1,1,8,2,2,5,8,0
126,6,2,1,3,0,2,2,6,3,5,7,0,0,3,2,8,1,2,1,2,5,9,0
101,3,0,1,4,2,2,8,8,3,5,1,0,0,3,2,2,2,2,2,2,5,11,0
379,4,1,1,2,0,1,3,8,1,5,5,0,0,3,2,8,2,2,2,2,0,6,0
657,3,0,1,3,0,2,2,9,5,5,0,0,0,0,2,3,2,2,3,3,5,6,0
628,6,0,1,2,1,1,6,5,2,5,0,0,1,1,2,4,1,2,1,2,5,5,0
376,4,1,1,3,0,2,5,7,3,5,2,0,2,3,3,8,2,2,2,2,3,12,0
112,4,0,1,3,1,1,8,7,3,5,3,0,0,3,2,4,1,2,3,3,5,11,0
91,5,0,1,5,0,1,0,9,4,5,7,0,0,2,2,1,2,2,2,2,5,3,0
993,1,1,1,4,0,2,4,6,2,5,6,0,2,3,2,1,1,10,0,2,5,12,0
308,2,1,1,4,1,2,0,7,4,5,3,1,1,3,2,0,2,2,2,2,5,9,0
101,5,0,1,4,0,0,0,8,4,5,5,0,0,3,2,1,1,2,2,2,5,4,0
711,2,0,1,4,0,1,7,7,2,5,2,0,0,0,2,8,2,2,2,2,5,1,0
888,5,1,1,1,0,1,5,6,3,5,1,0,0,3,2,1,1,2,0,2,5,10,0
599,6,2,1,4,0,1,5,4,5,6,1,0,3,0,4,8,1,2,1,1,5,4,0
645,4,1,1,3,0,2,8,4,3,5,0,0,0,1,2,2,2,2,3,3,5,2,0
588,3,0,1,4,0,1,7,6,1,5,1,0,1,0,2,4,1,2,3,3,5,4,0
894,5,0,1,4,0,1,5,8,1,3,3,0,3,0,2,5,1,3,2,2,5,10,0
618,6,0,1,2,0,1,4,7,4,5,1,0,3,0,4,8,1,2,0,1,5,11,0
283,3,2,1,1,1,2,3,8,4,3,5,0,0,3,2,6,1,2,0,2,5,4,0
657,3,0,1,2,0,1,0,8,5,5,0,0,0,0,2,8,2,2,1,2,5,2,0
585,2,0,1,3,0,1,8,6,0,5,1,0,0,0,2,3,1,2,2,2,5,1,0
731,4,1,0,4,0,0,10,7,5,5,1,0,0,0,2,8,1,3,2,2,3,3,0
657,3,0,1,1,1,1,0,11,4,5,0,0,0,0,2,7,2,2,3,3,5,2,0
404,4,0,1,3,0,0,9,7,3,5,2,0,0,3,2,8,2,2,0,1,3,12,0
276,2,2,1,1,0,2,4,9,3,3,7,0,0,3,2,7,1,2,0,2,5,3,0
708,3,0,1,2,0,1,4,7,2,5,0,0,0,0,2,5,2,2,1,2,5,4,0
775,1,1,0,2,0,1,1,2,4,5,1,0,0,0,2,8,1,2,2,2,5,10,0
375,4,1,1,2,0,1,0,1,4,5,1,0,3,3,4,1,2,2,2,2,5,2,0
649,1,0,1,3,0,3,7,2,1,4,7,0,2,0,3,8,1,2,0,1,5,9,0
464,2,1,1,1,1,1,3,3,2,4,7,0,0,2,2,8,2,2,2,2,5,1,0
144,5,1,1,3,1,1,7,6,0,5,7,0,2,3,2,2,1,7,3,3,5,9,0
632,4,0,1,2,0,2,5,6,3,5,3,0,3,0,4,8,1,2,0,1,5,11,0
712,3,0,1,4,0,0,13,8,5,5,1,0,0,0,2,8,1,4,2,2,2,0,0
707,3,1,1,1,0,2,0,9,2,5,0,0,0,0,2,1,1,2,0,2,5,9,0
712,3,0,1,4,0,0,13,9,5,5,0,0,0,0,2,8,1,4,2,2,2,0,0
99,4,0,1,5,0,2,2,8,3,5,4,0,0,3,2,1,2,2,2,2,5,1,0
192,0,0,1,1,0,1,7,5,6,5,1,0,0,3,2,8,3,0,0,2,5,14,0
206,0,1,1,1,0,1,8,8,6,5,3,0,0,3,2,5,2,0,0,2,5,9,0
312,3,1,1,3,1,1,0,7,4,5,1,1,0,3,2,0,2,2,1,2,5,9,0
557,3,2,1,4,1,0,1,7,5,5,6,0,2,0,2,7,2,2,2,2,5,2,0
200,0,1,1,1,0,1,9,10,6,5,2,0,0,3,2,6,2,0,0,2,5,9,0
125,5,1,1,1,0,0,7,6,2,5,6,0,0,3,2,7,1,2,2,2,5,9,0
466,2,1,1,2,0,2,8,8,2,5,7,0,0,2,2,8,2,2,1,2,5,4,0
147,2,0,1,4,2,1,11,6,1,5,2,0,0,3,2,1,1,4,2,1,5,4,0
373,3,0,1,3,0,1,0,6,4,5,2,0,2,3,3,1,2,4,0,1,5,2,0
708,3,1,1,1,0,1,0,9,2,5,0,0,0,0,2,3,2,2,0,2,5,11,0
710,2,0,1,4,0,1,7,7,2,5,2,0,0,0,2,8,2,2,2,2,5,1,0
704,4,0,1,2,0,0,5,9,3,5,0,0,0,0,2,5,1,2,1,2,5,5,0
1008,1,1,1,4,0,1,1,8,2,5,2,0,0,3,2,6,1,3,0,2,5,9,0
702,4,0,1,4,0,1,9,9,5,5,0,0,0,0,2,8,1,2,3,3,5,12,0
192,0,1,1,1,0,1,7,4,4,5,1,0,0,3,2,8,3,0,1,2,5,9,0
463,2,2,1,1,1,2,4,2,2,5,7,0,0,3,2,8,2,2,2,2,5,1,0
992,1,2,1,3,0,2,5,6,2,5,6,0,2,3,2,1,1,10,0,2,5,12,0
772,1,2,1,4,0,2,10,5,2,6,3,0,1,0,2,8,2,3,1,2,5,6,0
632,6,0,1,2,1,1,8,2,2,5,0,0,0,2,2,2,1,2,2,2,5,2,0
101,3,0,1,4,2,3,7,7,2,5,1,0,0,3,2,2,2,2,2,2,5,3,0
375,4,0,1,3,0,2,4,4,4,5,7,0,0,0,2,5,1,2,0,1,5,2,0
463,2,3,1,3,0,2,9,5,1,5,7,0,0,3,2,8,2,2,3,3,5,0,0
101,3,0,1,4,2,3,7,7,2,5,1,0,0,3,2,2,2,2,2,2,5,5,0
60,3,1,1,4,1,1,8,7,2,5,3,0,0,1,2,8,2,2,0,2,5,4,0
710,3,0,1,4,0,0,10,7,3,5,1,0,0,0,2,8,1,3,2,2,3,0,0
802,0,1,1,4,0,2,7,6,3,5,4,0,0,1,2,4,1,6,3,3,5,4,0
655,5,3,1,4,0,0,7,6,1,5,5,0,0,0,2,2,1,2,3,3,5,12,0
19,3,2,1,4,0,2,6,9,4,5,7,0,0,0,2,7,2,2,1,2,5,9,0
572,2,0,1,4,0,0,6,8,1,5,2,0,0,0,2,3,1,2,2,2,5,2,0
148,3,1,1,4,0,2,5,8,3,5,4,0,1,3,2,2,1,2,0,1,5,1,0
391,4,1,1,2,0,0,2,9,1,5,7,0,0,2,2,8,2,2,2,2,1,11,0
463,2,2,1,2,0,3,10,7,1,5,7,0,0,3,2,8,2,2,1,2,5,5,0
375,4,1,1,2,0,1,0,1,4,5,1,0,2,2,3,1,1,2,1,2,5,1,0
463,2,3,1,2,0,2,7,4,1,5,7,0,0,3,2,8,2,2,3,3,5,0,0
657,3,0,1,2,1,1,3,9,4,5,0,0,0,0,2,5,2,2,3,3,5,1,0
632,6,0,1,3,1,1,4,9,4,5,0,0,0,2,2,8,1,2,1,1,5,5,0
614,4,0,1,1,0,1,4,4,4,5,1,0,1,1,3,8,1,2,0,1,5,7,0
527,4,1,1,2,0,2,2,2,3,5,7,0,0,2,2,8,2,2,2,2,5,13,0
312,3,1,1,2,0,0,0,7,2,5,1,0,0,3,2,0,2,4,0,2,5,9,0
715,3,0,1,4,0,0,12,8,4,5,2,0,0,0,2,8,1,4,1,2,2,0,0
264,2,3,1,1,0,1,5,7,4,3,7,0,0,3,2,6,1,2,0,2,5,4,0
373,3,0,1,4,0,1,6,6,4,5,1,0,3,3,4,5,2,3,1,2,2,1,0
655,5,3,1,4,0,0,8,6,0,5,5,0,0,0,2,3,1,2,2,2,5,10,0
192,0,1,1,1,0,2,5,5,1,5,1,0,0,3,2,8,3,6,0,2,5,5,0
192,0,0,1,1,0,1,7,5,6,5,1,0,0,3,2,8,3,0,0,2,5,14,0
657,3,0,1,3,0,1,7,6,4,5,0,0,0,0,2,2,2,2,3,3,5,2,0
983,2,2,1,1,0,0,7,7,3,4,1,0,0,2,2,7,1,2,0,2,5,4,0
73,3,0,1,4,1,1,6,6,2,5,2,0,0,2,2,8,2,2,0,2,5,1,0
106,2,0,1,2,1,1,4,8,4,5,1,0,0,3,2,1,1,2,1,2,5,10,0
891,5,0,1,4,0,1,5,8,1,3,3,0,3,0,2,5,1,3,2,2,5,10,0
463,2,2,1,1,0,3,9,8,2,5,7,0,0,3,2,8,2,2,1,2,5,7,0
116,3,1,1,1,0,0,0,7,4,5,2,1,0,3,2,3,1,2,0,2,5,9,0
708,3,1,1,2,0,1,0,9,2,5,0,0,0,0,2,3,2,2,1,2,5,11,0
136,3,0,1,3,1,1,11,6,2,5,3,0,0,3,2,4,1,2,2,1,5,6,0
829,3,1,1,1,0,1,3,3,4,5,1,0,0,1,2,4,1,2,1,2,5,10,0
382,4,1,1,2,0,1,2,8,1,5,7,0,0,3,2,7,2,3,1,2,1,12,0
469,2,0,1,3,0,1,7,7,3,5,7,0,0,2,2,8,2,2,1,2,5,0,0
98,6,0,1,4,0,2,4,7,2,5,7,0,0,3,2,7,2,11,0,2,5,1,0
516,4,1,1,4,0,1,9,7,2,5,7,0,0,2,2,8,2,2,2,2,5,8,0
130,5,2,1,4,0,3,0,7,4,5,7,0,0,3,2,6,1,2,0,1,5,7,0
578,2,0,0,3,0,0,9,8,0,5,1,0,0,0,2,2,1,2,2,2,5,2,0
463,2,3,1,3,0,2,10,6,1,5,7,0,0,3,2,8,2,2,2,2,5,0,0
600,4,1,1,2,0,1,5,3,5,6,1,0,1,1,3,8,1,2,0,1,5,0,0
657,3,0,1,4,0,1,7,6,4,5,1,0,0,0,2,4,2,2,1,2,5,3,0
281,3,2,1,1,0,2,5,8,3,3,5,0,0,3,2,8,1,2,0,2,5,4,0
617,6,0,1,2,0,1,4,7,4,5,1,0,3,0,4,8,1,2,0,1,5,11,0
718,2,0,1,4,0,1,11,7,3,5,4,0,1,0,3,8,1,3,0,2,3,1,0
375,4,1,1,4,0,2,8,6,4,5,1,0,2,3,3,7,2,2,2,2,5,13,0
623,5,0,1,1,0,1,4,8,4,5,1,0,2,0,3,8,1,2,0,1,5,11,0
312,3,1,1,3,1,1,0,7,5,5,1,1,0,3,2,0,2,2,1,2,5,9,0
463,2,2,1,1,0,3,10,8,1,5,7,0,0,3,2,8,2,2,1,2,5,7,0
708,3,1,1,1,0,1,0,8,2,5,0,0,0,0,2,1,2,2,0,2,5,8,0
128,5,1,1,4,0,2,1,7,3,5,6,0,0,3,2,7,1,2,1,1,5,8,0
142,5,2,1,3,0,2,2,8,3,5,7,0,2,3,2,3,1,2,0,1,5,3,0
303,2,1,1,3,0,1,0,8,2,5,6,0,2,3,2,0,2,4,2,2,5,9,0
648,2,0,1,4,0,3,8,2,2,5,5,0,2,0,3,6,1,2,0,1,5,8,0
657,3,0,1,2,1,1,1,10,4,5,0,0,0,0,2,5,2,2,3,3,5,3,0
598,5,2,1,4,0,0,4,6,6,6,1,0,3,0,3,8,1,2,0,1,5,0,0
826,2,1,1,1,0,1,2,3,4,5,1,0,0,1,2,4,1,2,1,2,5,10,0
382,4,1,1,4,0,2,8,6,4,5,5,0,0,3,2,6,2,5,0,2,5,16,0
192,0,1,1,1,0,1,8,10,3,5,1,0,0,3,2,8,3,3,0,2,5,6,0
787,0,1,1,2,0,2,3,2,3,5,1,0,0,0,2,8,1,2,3,3,5,10,0
657,3,0,1,4,0,2,0,6,5,5,1,0,0,0,2,7,2,2,0,2,5,3,0
522,4,1,1,2,0,2,2,1,2,5,7,0,0,2,2,8,2,2,2,2,5,15,0
803,0,0,1,4,0,2,6,6,3,5,5,0,0,2,2,3,1,7,3,3,5,2,0
463,2,3,1,4,0,1,8,6,1,4,7,0,0,2,2,8,2,2,2,2,5,0,0
408,4,0,1,4,0,0,12,6,4,5,2,0,0,3,2,7,2,3,0,1,5,14,0
637,4,0,1,4,1,2,6,6,3,5,2,0,1,1,2,8,1,2,1,1,5,6,0
98,5,0,1,4,0,1,1,7,3,5,5,0,0,3,2,1,2,2,2,2,5,2,0
876,6,0,1,2,0,1,5,7,2,3,2,0,1,1,2,3,2,2,1,2,5,10,0
375,4,1,1,2,0,1,1,1,4,5,2,0,2,2,3,2,1,2,1,2,5,1,0
139,5,1,1,3,1,1,7,6,0,5,7,0,1,3,2,4,1,5,3,3,5,9,0
657,3,1,1,4,0,2,5,8,5,5,1,0,0,0,2,2,2,2,3,3,5,7,0
375,4,1,1,4,0,2,8,7,4,5,1,0,3,3,4,8,2,2,2,2,4,12,0
375,4,1,1,3,0,2,7,7,3,5,1,0,2,3,3,8,2,2,2,2,4,12,0
556,3,3,0,0,1,0,5,7,3,5,6,0,2,0,2,2,2,2,2,2,5,8,0
306,2,1,1,4,0,2,0,8,4,5,4,1,1,3,2,0,2,3,2,2,5,9,0
651,3,1,1,3,0,2,8,5,3,5,0,0,0,0,2,2,2,2,3,3,5,2,0
657,3,0,1,4,0,1,3,6,5,5,1,0,0,0,2,8,2,2,0,2,5,3,0
463,2,1,1,0,0,3,9,9,2,5,7,0,0,2,2,8,2,2,1,2,5,9,0
495,3,1,1,4,0,1,8,7,2,5,7,0,0,2,2,8,2,2,2,2,5,4,0
312,3,1,1,4,0,2,4,6,1,5,1,1,0,3,2,8,2,2,0,2,5,9,0
379,4,0,1,2,1,1,0,5,4,5,5,0,0,3,2,1,2,2,0,1,5,1,0
781,0,1,0,2,0,1,0,1,4,5,1,0,0,0,2,8,1,2,2,2,5,10,0
804,2,2,1,3,0,1,9,5,2,6,1,0,0,0,2,7,2,2,2,2,5,9,0
702,4,0,1,4,0,1,9,8,5,5,1,0,0,0,2,8,1,2,3,3,5,10,0
711,2,1,1,1,0,2,2,8,2,5,1,0,0,0,2,2,2,2,0,2,5,7,0
540,4,2,0,0,1,1,4,4,3,5,7,0,1,1,2,4,2,2,2,2,5,12,0
463,2,1,1,1,1,1,3,2,2,5,7,0,0,2,2,8,2,2,3,3,5,1,0
116,3,1,1,1,0,0,0,7,4,5,2,1,0,3,2,3,1,2,0,2,5,9,0
657,3,0,1,3,0,2,3,9,5,5,0,0,0,0,2,2,2,2,3,3,5,8,0
376,4,0,1,3,0,1,7,7,4,5,2,0,2,3,3,6,2,2,1,1,2,0,0
463,2,3,1,4,0,1,9,6,1,5,7,0,0,2,2,8,2,2,2,2,5,0,0
969,1,1,1,3,0,2,5,6,2,5,5,0,2,3,2,1,1,9,0,2,5,12,0
470,2,0,1,4,0,1,5,7,4,4,7,0,0,2,2,8,2,2,1,2,5,0,0
374,4,0,1,4,0,2,3,4,4,5,5,0,0,0,2,4,1,2,0,2,5,3,0
563,3,1,1,4,1,0,3,7,3,5,4,0,1,0,2,5,2,2,2,2,5,2,0
706,3,1,1,1,0,1,1,9,2,5,0,0,0,0,2,2,1,2,0,2,5,7,0
392,2,0,1,1,1,1,2,6,2,5,4,0,0,2,2,4,1,2,0,1,5,1,0
702,4,0,1,4,0,1,9,9,5,5,0,0,0,0,2,8,1,2,3,3,5,12,0
377,4,1,1,4,0,2,8,6,4,5,2,0,2,3,3,7,2,3,2,2,5,14,0
705,3,0,1,4,0,1,8,7,3,5,1,0,0,0,2,8,1,2,3,3,5,5,0
375,4,1,1,4,0,2,8,7,4,5,1,0,3,3,4,8,2,2,2,2,4,12,0
312,3,1,1,4,0,2,3,7,3,5,1,2,0,3,2,5,2,2,0,2,5,9,0
802,0,1,1,4,0,2,7,6,3,5,4,0,0,1,2,4,1,6,3,3,5,4,0
412,2,1,1,1,1,1,5,10,1,5,5,0,0,0,2,8,1,3,1,2,2,11,0
470,2,0,1,0,1,1,0,9,4,5,7,0,0,2,2,8,2,2,1,2,5,10,0
148,3,1,1,4,0,2,6,8,3,5,4,0,1,3,2,2,1,2,0,1,5,1,0
463,2,3,1,3,0,2,10,6,1,5,7,0,0,3,2,8,2,2,2,2,5,2,0
1013,1,1,1,4,0,1,0,8,2,5,1,0,0,3,2,8,2,2,0,2,5,8,0
144,2,0,1,4,1,1,12,7,2,5,1,0,0,3,2,2,1,2,1,1,5,3,0
633,5,0,1,4,1,1,5,8,3,5,0,0,0,2,2,8,1,2,1,1,5,5,0
624,6,0,1,2,0,1,4,9,4,5,0,0,2,0,3,8,1,2,0,1,5,11,0
463,2,2,1,1,0,2,1,6,3,5,7,0,0,3,2,8,2,1,0,2,5,8,0
99,4,0,1,2,0,2,5,4,2,5,4,0,0,3,2,5,2,8,0,2,5,1,0
415,4,0,1,3,0,0,11,8,3,5,2,0,0,2,2,8,2,2,0,1,3,13,0
375,4,1,1,4,0,3,6,5,4,5,4,0,1,1,2,6,1,2,1,2,5,7,0
375,4,1,1,3,0,2,3,3,4,5,5,0,0,0,2,4,1,2,0,2,5,2,0
378,4,0,1,2,1,1,3,7,4,5,4,0,1,3,2,4,2,2,0,1,3,0,0
708,3,0,1,4,0,0,9,8,3,5,2,0,0,0,2,8,1,2,2,2,5,3,0
98,5,0,1,3,0,2,5,6,2,5,6,0,0,3,2,7,2,11,0,2,5,1,0
704,4,0,1,2,0,0,5,9,3,5,0,0,0,0,2,5,1,2,1,2,5,5,0
706,3,1,1,1,0,1,1,9,2,5,0,0,0,0,2,2,1,2,0,2,5,7,0
224,1,2,1,1,0,1,6,2,4,5,5,0,0,3,2,3,1,3,0,2,5,7,0
131,4,1,1,2,0,1,9,6,2,5,5,0,0,3,2,6,1,2,2,2,5,8,0
659,1,0,1,1,0,2,4,6,0,1,5,0,0,0,2,6,1,4,3,3,5,7,0
312,3,1,1,3,1,1,0,7,5,5,1,1,0,3,2,0,2,2,1,2,5,9,0
192,0,1,1,1,0,2,5,5,0,5,1,0,0,3,2,8,3,8,0,2,5,1,0
383,4,1,1,4,0,2,8,6,4,5,6,0,0,3,2,6,2,6,0,2,5,17,0
374,4,0,1,4,0,2,4,4,4,5,5,0,0,0,2,5,1,2,0,2,5,3,0
559,4,2,1,4,1,0,0,6,6,5,6,0,3,0,2,8,2,2,1,1,5,2,0
382,4,1,1,2,0,1,2,8,1,5,7,0,0,3,2,7,2,3,1,2,1,12,0
126,6,2,1,2,0,1,6,6,2,5,7,0,0,3,2,8,1,2,2,2,5,9,0
53,3,1,1,4,0,2,8,9,4,5,4,0,0,1,2,5,2,2,1,2,5,10,0
312,3,1,1,3,1,1,0,7,4,5,1,1,0,3,2,0,2,3,1,2,5,9,0
102,2,0,1,3,1,3,6,7,2,5,1,0,0,3,2,1,1,2,1,2,5,0,0
657,3,0,1,3,0,2,3,9,5,5,0,0,0,0,2,2,2,2,3,3,5,8,0
657,3,0,1,4,0,1,0,7,6,5,1,0,0,0,2,8,2,4,0,2,5,2,0
215,1,1,1,1,0,1,7,2,6,5,4,0,0,3,2,4,1,1,0,2,5,11,0
713,2,1,1,2,0,2,3,8,2,5,2,0,1,0,2,3,2,2,0,2,5,6,0
400,4,1,1,4,0,0,7,7,2,5,7,0,0,1,2,7,2,4,1,2,5,15,0
126,6,2,1,2,0,1,6,6,2,5,7,0,0,3,2,8,1,2,2,2,5,9,0
582,2,0,1,4,0,1,9,8,0,5,1,0,0,0,2,2,1,2,3,3,5,2,0
657,3,0,1,4,0,1,0,8,6,5,1,0,0,0,2,8,2,7,2,2,5,0,0
639,4,0,1,2,1,2,8,2,2,5,3,0,1,1,2,4,1,2,1,2,5,5,0
657,3,0,1,4,0,2,4,8,5,5,1,0,0,0,2,2,2,2,2,2,5,8,0
312,3,1,1,4,0,2,0,6,0,5,1,0,0,3,2,8,2,6,0,2,5,9,0
463,2,2,1,2,0,3,10,7,1,5,7,0,0,3,2,8,2,2,1,2,5,5,0
708,3,1,1,1,0,1,2,9,2,5,0,0,0,0,2,2,1,2,0,2,4,7,0
111,2,0,1,0,0,0,0,6,3,5,1,1,0,3,2,1,1,2,0,2,5,8,0
599,5,1,1,3,0,3,5,1,4,5,1,0,2,0,3,8,1,2,2,2,5,7,0
192,0,0,1,1,0,2,6,4,3,5,1,0,0,3,2,8,3,3,0,2,5,9,0
464,2,1,1,2,0,2,0,9,4,4,7,0,0,2,2,8,2,1,0,2,5,10,0
201,0,2,1,1,0,1,7,0,4,5,2,0,0,3,2,6,2,0,1,2,5,9,0
192,0,1,1,1,0,1,9,12,5,5,1,0,0,3,2,8,3,0,0,2,5,9,0
468,2,0,1,3,0,1,1,7,4,5,7,0,0,2,2,8,2,2,3,3,5,2,0
599,6,2,1,4,0,2,5,2,4,5,1,0,3,0,4,8,1,2,2,2,5,7,0
381,4,0,1,2,0,1,0,8,1,5,7,0,0,3,2,6,2,2,1,1,1,8,0
657,3,0,1,3,0,1,6,6,4,5,0,0,0,0,2,2,2,2,3,3,5,2,0
657,3,0,1,1,1,1,0,11,4,5,0,0,0,0,2,7,2,2,3,3,5,1,0
412,2,1,1,3,0,0,7,8,1,5,5,0,0,0,2,8,1,2,2,2,5,9,0
192,0,1,1,1,0,1,5,6,0,5,1,0,0,3,2,8,3,8,0,2,5,1,0
657,3,0,1,4,0,2,1,7,6,5,1,0,0,0,2,5,2,2,1,2,5,5,0
657,3,0,1,4,0,1,0,8,6,5,1,0,0,0,2,8,2,5,1,2,5,1,0
967,2,1,1,4,0,2,5,6,1,4,6,0,3,2,2,2,1,9,0,2,5,12,0
720,1,0,1,4,0,2,9,7,2,5,6,0,2,0,3,8,2,2,0,2,5,4,0
590,4,1,1,4,0,2,7,5,2,5,1,0,1,0,3,5,1,2,3,3,5,5,0
707,3,0,1,4,0,0,1,9,4,5,0,0,0,0,2,8,1,2,3,3,5,13,0
147,2,0,1,4,1,1,11,7,2,5,2,0,0,3,2,2,1,2,1,1,5,2,0
657,3,0,1,4,0,1,7,6,4,5,1,0,0,0,2,2,2,2,2,2,5,3,0
285,3,2,1,1,1,2,3,8,4,3,5,0,0,3,2,5,1,2,0,2,5,4,0
463,2,2,1,1,0,3,2,9,3,5,7,0,0,3,2,8,2,1,0,2,5,11,0
633,5,0,1,4,1,1,5,8,4,5,0,0,0,2,2,8,2,2,1,2,5,4,0
1004,1,1,1,2,0,0,3,6,2,5,1,0,0,3,2,8,1,4,0,2,5,5,0
733,4,1,0,4,0,0,9,7,5,5,1,0,0,0,2,8,1,3,2,2,3,4,0
374,3,0,1,4,0,1,7,6,4,5,1,0,3,3,4,6,2,2,1,2,1,0,0
379,3,0,1,2,1,1,0,6,4,5,6,0,0,3,2,1,2,2,0,1,5,1,0
291,2,1,1,2,0,2,2,9,3,4,7,0,1,3,2,3,1,3,1,2,5,6,0
702,5,0,1,4,0,1,9,9,5,5,1,0,0,0,2,8,1,2,3,3,5,9,0
581,2,0,1,4,0,1,9,8,0,5,1,0,0,0,2,2,1,2,3,3,5,2,0
657,3,0,1,4,0,2,3,9,6,5,1,0,0,0,2,3,2,3,3,3,5,6,0
464,2,1,1,0,0,3,7,9,2,5,7,0,0,2,2,8,2,2,1,2,5,9,0
708,3,1,1,2,0,1,0,9,2,5,0,0,0,0,2,3,2,2,1,2,5,11,0
632,6,0,1,2,1,1,8,2,2,5,0,0,0,2,2,2,1,2,2,2,5,1,0
654,1,0,1,2,0,2,5,4,0,2,7,0,1,0,2,8,1,3,1,2,5,9,0
657,2,0,1,3,0,2,4,8,5,4,1,0,0,0,2,2,1,2,3,3,5,9,0
551,4,3,0,0,1,0,4,6,3,5,7,0,2,0,2,2,2,2,2,2,5,9,0
1011,1,1,1,3,0,0,0,8,2,5,1,0,0,3,2,8,1,2,0,2,5,8,0
99,4,0,1,4,0,3,5,7,2,5,4,0,0,3,2,5,2,8,0,2,5,0,0
14,3,2,1,4,0,2,8,8,3,5,6,0,0,0,2,8,2,2,0,2,5,9,0
23,3,2,1,4,0,2,8,9,4,5,5,0,0,0,2,6,2,2,1,2,5,10,0
229,1,2,1,1,0,1,6,2,5,5,6,0,0,3,2,2,1,2,0,2,5,8,0
635,5,1,1,2,1,2,8,2,2,5,0,0,0,2,2,2,2,2,3,3,5,1,0
239,2,3,1,1,0,1,6,3,5,4,7,0,0,3,2,3,1,2,0,2,5,7,0
607,6,1,1,3,0,2,4,4,4,5,1,0,3,0,4,8,1,2,1,2,5,10,0
635,3,0,1,3,0,2,6,5,2,5,4,0,3,0,4,8,1,2,0,1,5,10,0
132,4,1,1,4,0,2,4,7,3,5,5,0,0,3,2,6,1,2,1,1,5,7,0
1008,1,1,1,4,0,1,1,6,2,5,2,0,0,3,2,6,1,7,0,2,5,8,0
150,5,1,1,4,1,1,4,6,1,5,7,0,3,3,2,1,2,6,2,2,5,6,0
657,3,0,1,3,0,1,4,7,4,5,0,0,0,0,2,8,2,3,0,2,5,2,0
470,2,0,1,1,1,1,0,9,4,3,7,0,0,2,2,8,2,2,1,2,5,7,0
980,1,1,1,3,0,2,5,6,2,5,6,0,2,3,2,1,1,10,0,2,5,12,0
582,2,0,1,4,0,1,9,8,0,5,1,0,0,0,2,2,1,2,3,3,5,2,0
464,2,3,1,4,0,1,9,6,1,5,7,0,0,2,2,8,2,2,2,2,5,0,0
708,3,0,1,2,0,0,0,9,3,5,0,0,0,0,2,4,2,2,1,2,5,12,0
147,2,0,1,4,2,1,13,6,1,5,1,0,0,3,2,1,1,3,2,1,5,3,0
101,3,0,1,2,1,2,7,4,2,5,1,0,0,3,2,2,2,3,2,2,5,0,0
796,0,0,1,3,0,2,3,4,4,5,4,0,0,1,2,4,1,6,3,3,5,4,0
415,4,1,1,3,0,0,6,9,2,5,7,0,0,0,2,8,2,2,2,2,3,14,0
101,3,0,1,3,1,1,8,5,2,5,1,0,0,3,2,6,2,2,0,2,5,1,0
708,3,1,1,2,0,1,0,9,2,5,0,0,0,0,2,3,2,2,1,2,5,11,0
467,2,0,1,3,0,1,0,9,5,5,7,0,0,2,2,8,2,1,1,2,5,6,0
1004,1,1,1,4,0,1,2,7,2,5,3,0,1,3,2,5,1,5,0,2,5,10,0
101,3,0,1,1,0,1,7,2,2,5,1,0,0,3,2,2,2,2,2,2,5,2,0
463,2,3,1,4,0,1,8,6,1,5,7,0,0,2,2,8,2,2,3,3,5,0,0
624,6,0,1,2,0,1,4,9,4,5,0,0,2,0,3,8,1,2,0,1,5,11,0
517,5,1,1,3,0,1,9,6,2,5,7,0,0,3,2,8,2,2,2,2,5,9,0
654,3,0,1,4,0,1,6,6,4,5,0,0,0,0,2,8,2,3,0,2,5,3,0
552,4,3,0,0,1,0,5,7,3,5,7,0,2,0,2,2,2,2,2,2,5,9,0
192,0,2,1,1,0,2,6,1,2,5,1,0,0,3,2,8,3,2,1,2,5,6,0
470,2,0,1,4,0,1,6,7,4,5,7,0,0,2,2,8,2,2,2,2,5,0,0
634,5,0,1,4,1,1,5,8,3,5,0,0,0,2,2,8,1,2,1,1,5,5,0
657,3,0,1,4,0,2,2,8,6,5,1,0,0,0,2,4,2,2,1,2,5,6,0
7,3,2,1,4,0,2,7,8,4,5,7,0,0,0,2,8,2,2,1,2,5,9,0
657,3,0,1,4,0,1,0,8,6,5,1,0,0,0,2,8,2,7,2,2,5,0,0
708,3,1,1,2,0,1,0,9,2,5,0,0,0,0,2,4,2,2,1,2,5,12,0