Time,Day_of_week,Age_band_of_driver,Sex_of_driver,Educational_level,Vehicle_driver_relation,Driving_experience,Type_of_vehicle,Area_accident_occured,Lanes_or_Medians,Road_allignment,Types_of_Junction,Road_surface_type,Road_surface_conditions,Light_conditions,Weather_conditions,Type_of_collision,Number_of_vehicles_involved,Vehicle_movement,Casualty_class,Casualty_severity,Pedestrian_movement,Cause_of_accident,Accident_severity
7,3,0,1,4,0,1,1,6,4,5,7,0,0,0,2,8,2,2,1,2,5,3,0
657,3,0,1,1,1,1,0,11,4,5,0,0,0,0,2,7,2,2,3,3,5,2,0
99,4,0,1,4,1,2,4,7,2,5,3,0,0,3,2,1,2,2,2,2,5,1,0
312,3,1,1,3,1,1,0,7,5,5,1,1,0,3,2,0,2,2,1,2,5,9,0
378,4,1,1,2,0,1,4,8,2,5,4,0,1,3,2,8,2,2,2,2,0,5,0
656,4,2,1,4,0,1,8,6,2,5,3,0,0,0,2,2,1,2,3,3,5,7,0
100,3,0,1,4,1,1,8,9,4,5,1,0,0,3,2,1,2,2,3,3,5,11,0
657,3,0,1,4,0,1,5,6,4,5,1,0,0,0,2,8,2,4,0,2,5,2,0
709,3,0,1,4,0,0,5,9,4,5,0,0,0,0,2,8,1,3,2,2,3,10,0
192,0,1,1,1,0,2,5,5,0,5,1,0,0,3,2,8,3,8,0,2,5,1,0
98,6,0,1,4,0,2,3,7,2,5,7,0,0,3,2,5,2,8,1,2,5,1,0
998,1,1,1,4,0,2,3,6,2,5,5,0,2,3,2,3,1,8,0,2,5,11,0
924,4,0,1,4,0,1,3,7,1,3,2,0,1,1,2,6,2,3,1,2,5,8,0
312,3,1,1,4,0,2,4,6,1,5,1,1,0,3,2,8,2,2,0,2,5,9,0
408,0,1,1,1,0,1,6,6,0,5,1,0,0,1,2,8,1,2,0,2,4,3,0
710,3,0,1,2,0,0,7,9,4,5,0,0,0,0,2,4,1,3,1,2,3,4,0
707,3,0,1,4,0,1,7,7,2,5,1,0,0,0,2,8,1,2,3,3,5,1,0
312,3,1,1,4,1,2,0,6,3,5,1,1,0,3,2,3,2,4,1,2,5,9,0
101,3,0,1,3,1,1,8,5,2,5,1,0,0,3,2,6,2,2,0,2,5,1,0
929,4,1,1,2,0,1,3,7,3,5,1,0,0,3,2,3,2,2,0,2,5,9,0
98,6,0,1,4,0,2,2,7,2,5,7,0,0,3,2,4,2,7,1,2,5,1,0
628,6,0,1,2,0,1,4,9,4,5,0,0,1,1,3,8,1,2,0,1,5,8,0
503,4,1,1,2,0,1,7,7,2,5,7,0,0,2,2,8,2,2,2,2,5,9,0
1000,1,2,1,1,0,0,5,7,3,5,1,0,0,3,2,8,1,2,0,2,5,5,0
118,3,1,1,0,0,0,3,6,3,5,3,1,0,3,2,4,1,2,1,2,5,9,0
21,3,0,1,4,0,1,0,6,3,5,7,0,0,0,2,8,2,3,0,2,5,1,0
852,3,0,1,2,0,1,5,6,4,5,3,0,0,3,2,1,1,4,1,2,5,6,0
405,4,1,1,2,1,1,5,10,2,5,7,0,0,0,2,7,2,4,1,2,2,16,0
99,4,0,1,4,1,1,5,7,2,5,3,0,0,3,2,5,2,2,1,2,5,1,0
796,2,3,0,4,0,1,9,5,2,7,1,0,0,0,2,8,1,2,2,2,5,9,0
727,1,1,0,4,0,2,9,6,2,5,5,0,2,0,3,8,1,2,0,2,5,4,0
312,3,1,1,4,1,2,0,6,3,5,1,1,0,3,2,3,2,4,1,2,5,9,0
657,3,0,1,4,0,2,2,8,6,5,1,0,0,0,2,3,2,2,2,2,5,7,0
657,2,0,1,3,0,2,1,6,4,3,2,0,0,0,2,8,1,2,0,2,5,4,0
761,1,0,1,2,0,1,4,3,4,5,1,0,0,0,2,8,1,2,2,2,4,7,0
99,4,0,1,4,0,3,5,7,2,5,4,0,0,3,2,5,2,7,0,2,5,0,0
702,4,0,1,4,0,0,9,8,3,5,1,0,0,0,2,8,1,2,2,2,5,3,0
192,0,0,1,1,0,1,9,10,6,5,1,0,0,3,2,8,3,0,0,2,5,11,0
408,0,0,1,1,0,1,7,6,0,5,1,0,0,2,2,8,1,2,0,1,5,1,0
800,1,2,1,4,0,2,8,5,2,6,2,0,0,0,2,6,1,4,3,3,5,6,0
657,3,0,1,4,0,2,1,6,5,5,1,0,0,0,2,6,2,2,0,2,5,3,0
98,5,0,1,5,0,1,0,8,3,5,6,0,0,3,2,1,2,2,2,2,5,2,0
395,4,0,1,2,0,0,5,8,2,5,4,0,0,3,2,8,2,2,1,1,2,11,0
629,6,0,1,3,1,1,4,9,4,5,0,0,1,1,2,8,1,2,1,1,5,7,0
657,3,0,1,4,0,2,4,8,5,5,1,0,0,0,2,3,2,2,2,2,5,7,0
100,3,0,1,4,1,1,7,7,2,5,2,0,0,3,2,6,2,2,0,2,5,1,0
99,4,0,1,2,0,1,4,3,2,5,3,0,0,3,2,1,2,2,2,2,5,1,0
375,4,1,1,2,0,1,1,1,4,5,2,0,2,2,3,2,1,2,1,2,5,1,0
100,3,0,1,4,1,3,5,7,2,5,1,0,0,3,2,1,2,2,2,2,5,0,0
386,4,0,1,2,0,0,2,8,1,5,6,0,0,3,2,8,2,2,1,1,0,10,0
141,5,1,1,3,1,1,7,6,0,5,7,0,1,3,2,3,1,6,3,3,5,9,0
657,3,0,1,4,0,1,1,8,5,5,1,0,0,0,2,6,2,7,3,3,5,0,0
100,5,0,1,5,0,0,0,8,4,5,6,0,0,3,2,1,1,2,2,2,5,3,0
470,2,0,1,1,1,1,0,9,4,5,7,0,0,2,2,8,2,2,1,2,5,7,0
513,4,0,1,1,0,2,2,1,2,5,7,0,0,2,2,8,2,2,1,2,5,17,0
311,3,1,1,3,0,2,0,6,0,4,1,0,0,3,2,8,1,6,0,2,5,8,0
645,4,0,1,4,0,1,6,7,4,5,0,0,0,1,2,8,2,3,0,2,5,3,0
783,2,3,0,4,0,1,8,5,2,7,1,0,0,0,2,8,1,2,2,2,5,9,0
877,5,0,1,4,0,1,5,8,1,3,3,0,3,0,2,5,1,2,2,2,5,10,0
470,2,0,1,3,0,1,0,9,4,1,7,0,0,2,2,8,2,2,1,2,5,4,0
468,2,0,1,0,1,2,2,9,3,5,7,0,0,2,2,8,2,2,1,2,5,10,0
657,3,0,1,3,0,1,0,7,5,5,0,0,0,0,2,8,2,2,0,2,5,2,0
192,0,1,1,1,0,1,9,12,5,5,1,0,0,3,2,8,3,1,0,2,5,8,0
633,6,0,1,3,2,1,6,6,3,5,0,0,0,3,2,6,2,2,2,2,5,3,0
702,5,0,1,4,0,0,9,9,4,5,1,0,0,0,2,8,1,2,3,3,5,4,0
775,1,1,0,2,0,1,1,2,4,5,1,0,0,0,2,8,1,2,2,2,5,10,0
657,3,0,1,4,0,1,0,7,6,5,1,0,0,0,2,8,2,4,1,2,5,1,0
137,5,2,1,4,0,3,0,7,4,5,7,0,1,3,2,5,1,2,0,1,5,5,0
206,0,1,1,1,0,1,7,3,6,5,3,0,0,3,2,5,2,0,0,2,5,12,0
657,3,0,1,4,0,1,7,6,4,5,1,0,0,0,2,2,2,2,2,2,5,3,0
735,3,2,0,4,0,1,5,6,3,6,1,0,0,0,2,8,1,2,2,2,5,5,0
131,5,2,1,2,0,1,6,6,2,5,7,0,0,3,2,6,1,2,2,2,5,8,0
626,6,0,1,2,0,1,5,7,3,5,0,0,2,0,3,6,1,2,0,1,5,9,0
703,4,0,1,3,0,2,6,9,4,5,0,0,0,0,2,5,1,2,2,2,5,11,0
192,0,2,1,1,0,1,7,0,4,5,1,0,0,3,2,7,2,0,1,2,5,9,0
657,3,0,1,1,1,1,0,11,4,5,0,0,0,0,2,8,2,2,2,2,5,1,0
126,5,2,1,4,0,3,0,7,4,5,7,0,0,3,2,7,1,2,0,1,5,8,0
465,2,1,1,2,0,2,0,9,4,3,7,0,0,2,2,8,2,1,0,2,5,9,0
148,5,2,1,4,0,3,0,8,4,5,7,0,2,3,2,2,1,2,0,1,5,1,0
150,5,1,1,4,1,1,5,6,1,5,7,0,3,3,2,1,2,7,2,2,5,6,0
7,3,1,1,4,0,1,3,7,4,5,7,0,0,0,2,8,2,2,1,2,5,5,0
412,2,1,1,2,0,0,7,7,1,5,4,0,0,0,2,8,1,2,1,2,5,8,0
599,5,1,1,3,0,0,5,4,5,6,1,0,2,0,3,8,1,2,0,1,5,0,0
404,4,0,1,4,0,0,11,6,4,5,3,0,0,3,2,7,2,3,0,1,5,14,0
375,4,1,1,3,0,2,3,3,4,5,5,0,0,0,2,4,1,2,0,2,5,2,0
649,3,0,1,3,0,1,7,4,3,5,0,0,0,0,2,6,2,3,0,2,5,2,0
876,6,0,1,1,0,1,5,6,3,4,1,0,0,2,2,1,2,2,0,2,5,10,0
389,4,0,1,2,0,0,3,8,1,5,5,0,0,3,2,8,2,2,1,1,1,10,0
518,4,2,0,3,0,0,9,7,2,5,7,0,0,2,2,7,2,2,2,2,5,9,0
169,2,1,1,2,1,1,6,6,0,5,4,0,1,3,2,4,2,9,1,2,5,5,0
648,2,0,1,4,0,3,7,3,2,5,5,0,2,0,3,8,1,2,0,1,5,8,0
613,6,0,1,2,0,0,4,7,4,5,1,0,3,0,4,8,1,2,0,1,5,7,0
382,4,1,1,2,0,1,2,8,1,5,7,0,0,3,2,7,2,3,1,2,1,12,0
375,5,1,1,4,0,2,5,4,4,5,7,0,0,0,2,6,1,2,0,2,5,3,0
633,6,0,1,3,2,1,6,6,3,5,0,0,0,3,2,6,2,2,2,2,5,3,0
649,1,0,1,3,0,3,7,2,1,4,7,0,2,0,3,8,1,2,0,1,5,9,0
1000,1,2,1,1,0,0,5,6,3,5,1,0,0,3,2,8,1,3,0,2,5,4,0
102,2,0,1,3,1,3,6,7,2,5,1,0,0,3,2,1,1,2,1,2,5,0,0
925,4,1,1,2,0,1,3,6,3,5,1,0,0,3,2,3,2,3,0,2,5,8,0
409,1,1,1,1,0,1,6,7,0,5,2,0,0,1,2,8,1,2,0,2,3,5,0
308,3,1,1,3,1,2,0,7,5,4,1,1,0,3,2,0,1,2,1,2,5,8,0
621,6,0,1,2,0,1,4,8,4,5,1,0,3,0,4,8,1,2,0,1,5,11,0
573,2,1,0,2,0,0,8,8,1,5,2,0,0,0,2,2,1,2,2,2,5,3,0
637,5,0,1,4,1,1,5,8,4,5,0,0,0,2,2,8,2,2,1,2,5,4,0
998,1,2,1,1,0,0,6,6,3,5,1,0,0,3,2,8,1,2,0,2,5,4,0
657,3,0,1,4,0,2,3,8,6,5,1,0,0,0,2,3,2,2,2,2,5,7,0
657,2,0,1,3,0,2,1,6,4,3,2,0,0,0,2,8,1,2,0,2,5,4,0
312,3,1,1,3,1,1,0,7,4,5,1,1,0,3,2,0,2,2,1,2,5,9,0
703,4,0,1,3,0,0,6,9,3,5,0,0,0,0,2,6,1,2,2,2,5,4,0
312,3,1,1,4,0,2,2,7,3,5,1,2,0,3,2,4,2,2,0,2,5,9,0
312,3,1,1,4,0,2,1,6,0,5,1,0,0,3,2,8,2,5,0,2,5,9,0
303,2,1,1,4,0,2,0,8,2,5,6,0,2,3,2,1,2,4,2,2,5,9,0
602,6,1,1,4,0,2,5,2,4,5,0,0,2,0,3,8,1,2,2,2,5,8,0
142,5,1,1,4,1,1,4,6,1,5,7,0,2,3,2,3,1,6,2,2,5,9,0
619,6,0,1,4,1,1,5,6,4,5,0,0,1,1,2,8,1,2,2,2,5,6,0
801,2,2,1,3,0,1,9,5,2,6,1,0,0,0,2,7,2,2,2,2,5,9,0
15,3,0,1,4,0,1,0,6,3,5,7,0,0,0,2,8,2,2,0,2,5,1,0
657,3,0,1,4,0,1,0,9,6,5,1,0,0,0,2,7,2,8,3,3,5,0,0
192,0,0,1,1,0,2,6,4,5,5,1,0,0,3,2,8,3,0,0,2,5,14,0
871,5,1,1,1,0,1,5,5,4,5,1,0,0,2,2,1,1,2,0,2,5,10,0
790,0,0,1,2,0,1,0,1,3,4,1,0,0,0,2,7,1,2,3,3,5,10,0
375,4,1,1,4,0,3,7,6,4,5,2,0,2,2,3,7,1,2,2,2,5,10,0
100,3,0,1,2,0,1,4,3,2,5,2,0,0,3,2,1,2,2,2,2,5,1,0
119,4,1,1,2,0,1,0,7,4,5,4,0,0,3,2,4,1,2,0,2,5,9,0
545,4,3,0,0,1,0,4,5,3,5,7,0,2,0,2,3,2,2,2,2,5,10,0
554,4,3,0,3,2,0,0,7,5,5,7,0,3,0,2,7,3,2,2,2,5,3,0
650,2,0,1,4,0,2,7,3,2,5,4,0,1,0,3,8,1,2,0,1,5,7,0
312,3,1,1,4,0,2,2,7,3,5,1,2,0,3,2,4,2,2,0,2,5,9,0
800,0,0,0,4,0,1,5,6,4,5,6,0,0,2,2,2,1,8,2,2,5,0,0
1005,1,1,1,2,0,0,3,8,2,5,1,0,0,3,2,8,1,2,0,2,5,6,0
101,3,0,1,4,2,1,9,8,3,5,1,0,0,3,2,3,2,2,2,2,5,8,0
518,4,1,0,1,0,2,3,1,2,5,7,0,0,2,2,7,2,2,2,2,5,17,0
279,3,2,1,1,0,2,5,8,3,3,6,0,0,3,2,8,1,2,0,2,5,3,0
149,4,1,1,4,0,2,3,8,3,5,5,0,2,3,2,2,1,2,0,1,5,1,0
231,1,2,1,1,0,1,7,1,5,5,6,0,0,3,2,2,1,1,0,2,5,9,0
656,2,0,1,4,0,2,8,5,3,5,1,0,0,0,2,2,1,2,2,2,5,3,0
143,2,0,1,3,1,0,12,7,2,5,1,0,0,3,2,1,1,2,1,1,5,3,0
103,2,0,1,3,1,3,5,7,2,5,1,0,0,3,2,1,1,2,1,2,5,1,0
657,3,0,1,1,1,1,0,11,4,5,0,0,0,0,2,7,2,2,3,3,5,1,0
708,3,0,1,3,0,1,6,7,2,5,0,0,0,0,2,7,2,2,2,2,5,1,0
866,5,0,1,1,0,1,5,6,4,5,1,0,0,3,2,1,1,2,0,2,5,8,0
192,0,1,1,1,0,1,7,3,4,5,1,0,0,3,2,8,3,0,1,2,5,9,0
501,4,0,1,1,0,2,2,3,2,5,7,0,0,2,2,8,2,2,1,2,5,15,0
101,3,0,1,4,2,2,7,7,2,5,1,0,0,3,2,4,2,2,1,2,5,0,0
415,4,0,1,3,0,0,12,7,3,5,1,0,0,2,2,8,2,2,0,1,4,13,0
782,0,1,1,2,0,2,0,1,3,5,1,0,0,0,2,8,1,2,3,3,5,10,0
549,4,2,1,4,1,0,1,7,5,5,7,0,2,0,2,8,2,2,2,2,5,3,0
168,2,1,1,2,1,1,8,9,2,5,4,0,1,3,2,4,2,4,1,2,5,9,0
101,3,0,1,4,2,2,7,7,2,5,1,0,0,3,2,4,2,2,1,2,5,0,0
657,3,0,1,4,0,1,0,8,5,5,1,0,0,0,2,8,2,8,2,2,5,0,0
192,0,1,1,1,0,1,8,10,3,5,1,0,0,3,2,8,3,3,0,2,5,6,0
465,2,1,1,2,0,2,0,9,4,3,7,0,0,2,2,8,2,1,0,2,5,9,0
375,4,1,1,4,0,3,7,6,4,5,2,0,2,2,3,7,1,2,2,2,5,10,0
101,3,0,1,4,2,3,7,7,2,5,1,0,0,3,2,2,2,2,2,2,5,1,0
657,3,1,1,4,0,2,5,7,5,5,1,0,0,0,2,2,2,2,3,3,5,6,0
702,5,0,1,4,0,1,9,9,5,5,1,0,0,0,2,8,1,2,3,3,5,11,0
657,3,0,1,3,0,2,3,9,5,5,0,0,0,0,2,2,2,2,3,3,5,8,0
98,5,0,1,5,0,1,1,8,3,5,6,0,0,3,2,1,2,2,2,2,5,2,0
837,2,0,1,2,0,1,5,6,4,5,4,0,0,3,2,1,1,5,1,2,5,4,0
101,3,0,1,4,2,1,9,7,2,5,1,0,0,3,2,7,2,2,0,2,5,2,0
375,4,0,1,3,0,1,9,7,4,5,1,0,2,3,3,7,2,2,1,1,1,0,0
279,3,2,1,1,0,1,4,8,3,3,6,0,0,3,2,6,1,2,0,2,5,4,0
801,1,1,1,4,0,2,7,5,2,6,3,0,0,1,2,5,1,5,3,3,5,5,0
470,2,0,1,1,1,1,0,9,4,3,7,0,0,2,2,8,2,2,1,2,5,7,0
708,3,0,1,3,0,1,5,7,2,5,0,0,0,0,2,6,2,2,2,2,5,3,0
848,4,1,1,2,0,1,7,5,3,5,1,0,0,1,2,3,2,2,1,2,5,9,0
707,3,1,1,1,0,1,1,9,2,5,0,0,0,0,2,2,1,2,0,2,5,8,0
415,4,0,1,2,1,0,9,9,2,5,4,0,0,1,2,8,2,3,1,1,2,14,0
149,4,1,1,4,0,2,2,8,3,5,5,0,2,3,2,2,1,2,0,1,5,1,0
657,3,0,1,4,0,1,5,7,4,5,1,0,0,0,2,4,2,4,3,3,5,1,0
659,1,0,1,1,0,2,4,6,0,1,6,0,0,0,2,7,1,4,3,3,5,8,0
470,2,0,1,4,0,1,0,9,5,3,7,0,0,2,2,8,2,2,2,2,5,3,0
132,4,1,1,2,0,1,9,6,2,5,5,0,0,3,2,6,1,2,2,2,5,7,0
466,2,1,1,2,1,1,5,4,2,5,7,0,0,2,2,8,2,2,2,2,5,0,0
657,3,0,1,4,0,1,4,6,4,5,1,0,0,0,2,8,2,3,0,2,5,3,0
375,4,1,1,3,0,2,3,2,4,5,4,0,1,1,2,4,1,2,0,2,5,2,0
798,1,2,1,3,0,2,9,4,2,6,1,0,0,0,2,8,1,2,3,3,5,9,0
100,3,0,1,4,1,3,6,7,2,5,1,0,0,3,2,1,2,2,2,2,5,0,0
120,4,1,1,1,0,0,4,6,2,5,4,0,0,3,2,5,1,2,1,2,5,9,0
1004,1,1,1,4,0,1,2,6,2,5,3,0,1,3,2,5,1,8,0,2,5,9,0
126,6,2,1,2,0,1,4,6,2,5,7,0,0,3,2,8,1,2,2,2,5,9,0
372,3,0,1,3,0,1,0,6,4,5,1,0,2,3,3,1,2,4,0,1,5,2,0
508,4,1,1,3,0,1,8,7,2,5,7,0,0,2,2,8,2,2,2,2,5,9,0
649,1,0,1,3,0,3,6,3,1,3,7,0,2,0,3,8,1,2,0,1,5,9,0
311,2,1,1,4,0,2,0,6,0,5,1,0,0,3,2,7,2,6,0,2,5,9,0
912,4,1,1,1,0,1,4,6,3,5,1,0,0,3,2,2,2,2,0,2,5,9,0
704,4,0,1,2,0,2,6,9,4,5,0,0,0,0,2,5,1,2,1,2,5,10,0
657,3,0,1,3,0,2,3,9,5,5,0,0,0,0,2,3,2,2,3,3,5,7,0
784,0,1,1,2,0,2,1,1,3,5,1,0,0,0,2,8,1,2,3,3,5,10,0
657,3,0,1,4,0,1,6,6,4,5,1,0,0,0,2,2,2,2,3,3,5,2,0
306,2,1,1,4,0,2,0,7,1,5,4,0,1,3,2,3,2,5,1,2,5,9,0
657,3,0,1,4,0,2,2,6,5,5,1,0,0,0,2,5,2,2,1,2,5,3,0
470,2,0,1,3,0,1,5,7,4,5,7,0,0,2,2,8,2,2,1,2,5,2,0
996,1,1,1,4,0,2,4,6,2,5,5,0,2,3,2,2,1,10,0,2,5,11,0
974,1,1,1,3,0,2,5,6,2,5,6,0,2,3,2,1,1,9,0,2,5,12,0
635,5,0,1,4,1,1,5,8,4,5,0,0,0,2,2,8,2,2,1,2,5,4,0
192,0,1,1,1,0,2,5,5,0,5,1,0,0,3,2,8,3,8,0,2,5,1,0
375,4,1,1,2,0,1,0,1,4,5,1,0,2,2,3,1,1,2,1,2,5,1,0
587,3,0,1,4,0,0,8,7,2,5,1,0,1,0,2,4,1,2,1,2,5,1,0
519,4,2,1,4,0,0,9,7,2,5,7,0,0,2,2,8,2,2,2,2,5,8,0
703,4,0,1,4,0,0,7,9,4,5,0,0,0,0,2,8,1,2,3,3,5,5,0
375,4,1,1,3,0,1,9,6,4,5,1,0,3,3,4,7,2,2,2,2,1,0,0
398,4,1,1,3,0,1,6,8,3,5,7,0,0,1,2,6,2,5,0,2,3,17,0
463,2,2,1,2,1,2,6,3,1,5,7,0,0,3,2,8,2,2,3,3,5,0,0
379,4,1,1,2,0,1,2,8,1,5,5,0,0,3,2,8,2,2,2,2,1,10,0
221,1,2,1,1,0,1,7,2,6,5,5,0,0,3,2,3,1,1,0,2,5,10,0
467,2,0,1,2,0,1,1,7,3,2,7,0,0,2,2,8,2,2,1,2,5,2,0
629,6,0,1,2,1,1,6,4,2,5,0,0,1,1,2,4,1,2,1,2,5,5,0
100,3,0,1,1,0,1,6,1,2,5,1,0,0,3,2,2,2,3,1,2,5,1,0
703,4,0,1,3,0,2,6,9,4,5,0,0,0,0,2,5,1,2,2,2,5,11,0
463,2,2,1,1,1,2,3,3,2,5,7,0,0,3,2,8,2,1,2,2,5,3,0
636,4,0,1,2,1,2,8,2,2,5,2,0,0,2,2,3,1,2,2,2,5,3,0
100,3,0,1,4,1,3,6,7,2,5,1,0,0,3,2,1,2,2,2,2,5,0,0
657,3,1,1,4,0,2,6,7,4,5,1,0,0,0,2,2,2,2,3,3,5,5,0
1013,1,1,1,4,0,1,0,6,2,5,1,0,0,3,2,8,2,5,0,2,5,7,0
706,3,0,1,4,0,0,7,7,2,5,1,0,0,0,2,8,1,2,3,3,5,1,0
655,5,3,1,3,0,0,8,6,0,4,7,0,0,0,2,2,1,2,3,3,5,12,0
655,4,2,1,4,0,0,8,6,1,5,4,0,0,0,2,2,1,2,3,3,5,8,0
192,0,1,1,1,0,2,7,0,4,5,1,0,0,3,2,8,3,0,1,2,5,10,0
657,3,1,1,4,0,2,4,8,5,5,1,0,0,0,2,2,2,2,3,3,5,7,0
301,3,1,1,1,0,0,1,7,2,4,2,0,0,3,2,2,1,4,0,2,5,8,0
146,2,0,1,4,1,1,13,7,2,5,1,0,0,3,2,2,1,2,1,1,5,3,0
405,4,1,1,2,1,1,3,11,1,5,7,0,0,0,2,8,2,3,2,2,0,14,0
375,4,1,1,2,0,1,1,1,4,5,2,0,2,2,3,2,1,2,1,2,5,1,0
395,4,1,1,4,0,1,7,7,3,5,7,0,0,1,2,6,2,5,1,2,5,16,0
192,0,2,1,1,0,2,6,1,2,5,1,0,0,3,2,8,3,2,1,2,5,6,0
706,3,0,1,4,0,0,1,9,4,5,0,0,0,0,2,8,1,2,3,3,5,13,0
192,0,0,1,1,0,1,9,11,6,5,1,0,0,3,2,8,3,0,0,2,5,10,0
35,3,0,1,4,0,1,0,6,4,5,7,0,0,0,2,5,2,2,1,2,5,1,0
469,2,0,1,3,0,1,0,8,5,5,7,0,0,2,2,8,2,2,3,3,5,2,0
415,4,0,1,2,1,0,5,11,2,5,6,0,0,0,2,8,2,3,1,1,1,15,0
631,6,0,1,3,1,1,4,9,4,5,0,0,0,2,2,8,1,2,1,1,5,6,0
470,2,0,1,4,0,1,6,7,4,4,7,0,0,2,2,8,2,2,1,2,5,0,0
463,2,2,1,1,1,2,5,3,2,5,7,0,0,3,2,8,2,2,2,2,5,2,0
652,3,0,1,4,0,1,6,6,4,5,0,0,0,0,2,8,2,3,0,2,5,3,0
99,4,0,1,5,0,2,3,8,3,5,4,0,0,3,2,1,2,2,2,2,5,1,0
467,2,0,1,3,0,1,0,9,5,5,7,0,0,2,2,8,2,1,2,2,5,5,0
864,5,1,1,1,0,1,6,5,3,5,1,0,0,2,2,2,2,2,0,2,5,9,0
192,0,1,1,1,0,2,5,5,1,5,1,0,0,3,2,8,3,6,0,2,5,4,0
589,2,0,1,2,0,1,8,5,1,5,1,0,0,1,2,4,1,2,1,2,5,1,0
638,3,0,1,3,0,2,6,4,2,5,4,0,3,0,4,8,1,2,0,1,5,10,0
798,2,3,0,4,0,1,9,5,2,7,1,0,0,0,2,8,1,2,2,2,5,9,0
624,6,0,1,2,0,1,4,9,4,5,0,0,2,0,3,8,1,2,0,1,5,11,0
799,1,2,1,4,0,2,9,5,2,6,1,0,0,0,2,7,1,3,3,3,5,8,0
656,4,2,1,4,0,1,5,7,3,5,3,0,0,0,2,2,1,2,3,3,5,10,0
600,4,1,1,2,0,3,5,1,4,5,1,0,1,1,3,8,1,2,1,2,5,5,0
657,3,0,1,4,0,2,4,8,5,5,1,0,0,0,2,2,2,2,2,2,5,8,0
376,3,0,1,2,1,1,0,6,4,5,4,0,1,3,2,1,2,3,0,1,5,1,0
392,4,1,1,3,0,1,7,7,3,5,7,0,0,2,2,6,2,6,0,2,4,17,0
712,3,0,1,4,0,0,11,9,5,5,0,0,0,0,2,8,1,4,2,2,2,2,0
657,3,0,1,3,0,1,0,7,5,5,0,0,0,0,2,8,2,2,0,2,5,2,0
150,5,1,1,4,0,2,3,7,2,5,7,0,3,3,2,1,2,5,1,1,5,4,0
1002,1,2,1,2,0,0,5,6,3,5,1,0,0,3,2,8,1,3,0,2,5,5,0
1011,1,1,1,4,0,1,0,8,2,5,1,0,0,3,2,7,1,2,0,2,5,9,0
373,3,0,1,4,0,2,4,6,4,5,1,0,3,3,4,4,2,3,1,2,5,8,0
415,4,1,1,2,1,0,5,11,2,5,7,0,0,0,2,8,2,3,2,2,1,15,0
382,4,1,1,2,0,1,2,7,2,5,7,0,0,3,2,7,2,3,1,2,1,12,0
703,4,0,1,3,0,2,6,9,4,5,0,0,0,0,2,5,1,2,2,2,5,11,0
658,1,0,1,2,0,2,5,6,1,2,4,0,0,0,2,5,1,3,3,3,5,6,0
702,5,0,1,4,0,0,9,9,4,5,1,0,0,0,2,8,1,2,3,3,5,6,0
550,4,2,1,3,1,0,0,6,5,5,7,0,2,0,2,8,2,2,2,2,5,4,0
1013,1,1,1,4,0,1,0,7,2,5,1,0,0,3,2,8,2,3,0,2,5,8,0
101,2,0,1,3,1,3,6,7,2,5,1,0,0,3,2,1,1,2,1,2,5,0,0
657,3,0,1,4,0,2,3,8,6,5,1,0,0,0,2,3,2,2,2,2,5,7,0
99,4,0,1,4,1,1,7,7,2,5,3,0,0,3,2,8,2,6,0,2,5,1,0
600,3,1,1,2,1,1,5,2,4,5,1,0,1,1,2,8,1,2,0,1,5,0,0
276,2,2,1,1,0,2,4,9,3,3,7,0,0,3,2,7,1,2,0,2,5,3,0
100,3,0,1,1,0,1,5,2,2,5,1,0,0,3,2,1,2,2,2,2,5,1,0
467,2,0,1,2,0,2,8,7,3,5,7,0,0,2,2,8,2,2,1,2,5,3,0
463,2,2,1,1,0,3,9,8,2,5,7,0,0,3,2,8,2,2,1,2,5,8,0
641,3,0,1,3,0,3,8,2,2,5,4,0,1,1,3,5,1,2,1,1,5,6,0
100,3,0,1,1,0,1,5,2,2,5,1,0,0,3,2,1,2,2,2,2,5,1,0
381,4,0,1,2,0,1,0,8,1,5,7,0,0,3,2,6,2,2,1,1,1,8,0
38,4,0,1,4,0,1,0,7,4,5,7,0,0,1,2,5,2,2,1,2,5,1,0
618,4,0,1,1,0,1,4,6,4,5,1,0,2,0,3,8,1,2,0,1,5,9,0
99,4,0,1,2,0,2,5,4,2,5,4,0,0,3,2,5,2,8,0,2,5,1,0
118,3,1,1,1,0,1,0,7,4,5,3,1,0,3,2,4,1,2,0,2,5,9,0
312,3,1,1,3,0,1,0,6,0,5,1,0,0,3,2,6,2,6,0,2,5,9,0
703,4,0,1,4,0,1,10,9,6,5,1,0,0,0,2,8,1,2,2,2,4,10,0
415,4,0,1,2,1,0,9,9,2,5,4,0,0,1,2,8,2,3,1,1,2,14,0
601,2,0,1,1,1,2,5,0,3,5,1,0,0,2,2,7,1,2,0,2,5,1,0
149,4,0,1,4,2,1,8,6,0,5,5,0,2,3,2,1,1,7,2,2,5,7,0
633,6,0,1,2,2,1,7,5,2,5,0,0,0,3,2,4,2,2,2,2,5,2,0
463,2,3,1,3,0,2,10,6,1,5,7,0,0,3,2,8,2,2,2,2,5,0,0
657,3,0,1,4,0,2,3,6,5,5,1,0,0,0,2,5,2,2,1,2,5,3,0