Time,Day_of_week,Age_band_of_driver,Sex_of_driver,Educational_level,Vehicle_driver_relation,Driving_experience,Type_of_vehicle,Area_accident_occured,Lanes_or_Medians,Road_allignment,Types_of_Junction,Road_surface_type,Road_surface_conditions,Light_conditions,Weather_conditions,Type_of_collision,Number_of_vehicles_involved,Vehicle_movement,Casualty_class,Casualty_severity,Pedestrian_movement,Cause_of_accident,Accident_severity
647,2,0,1,4,0,3,8,2,1,5,7,0,2,0,3,7,1,2,0,1,5,10,0
206,0,2,1,1,0,1,7,0,4,5,3,0,0,3,2,5,2,0,1,2,5,9,0
657,3,0,1,4,0,1,5,7,4,5,1,0,0,0,2,5,2,3,1,2,5,5,0
99,4,0,1,4,1,2,4,7,2,5,3,0,0,3,2,1,2,2,2,2,5,1,0
396,4,0,1,2,0,0,6,8,2,5,4,0,0,3,2,8,2,2,1,1,2,11,0
710,3,0,1,4,0,0,10,8,4,5,1,0,0,0,2,8,1,3,2,2,3,0,0
171,2,1,1,2,0,1,8,9,3,5,3,0,1,3,2,4,2,4,1,2,5,9,0
100,3,0,1,4,1,1,6,7,2,5,2,0,0,3,2,5,2,2,0,2,5,1,0
387,4,1,1,3,0,1,7,6,3,5,7,0,0,2,2,6,2,6,0,2,4,17,0
375,4,1,1,3,0,1,5,4,4,5,1,0,3,3,4,5,2,2,2,2,2,0,0
134,4,1,1,2,0,1,10,6,2,5,4,0,0,3,2,5,1,2,2,2,5,7,0
312,3,1,1,4,0,2,3,7,3,5,1,2,0,3,2,5,2,2,0,2,5,9,0
376,4,1,1,2,0,1,0,2,4,5,2,0,2,3,3,1,2,2,1,1,5,1,0
624,6,0,1,2,0,1,4,8,3,5,0,0,2,0,3,7,1,2,0,1,5,11,0
99,4,0,1,3,0,1,3,5,3,5,4,0,0,3,2,1,2,2,2,2,5,2,0
647,2,0,1,4,0,3,8,2,1,5,7,0,2,0,3,7,1,2,0,1,5,10,0
715,1,0,1,4,0,2,8,7,2,5,4,0,1,0,3,8,2,2,1,2,5,2,0
192,0,0,1,1,0,1,8,8,6,5,1,0,0,3,2,8,3,0,0,2,5,12,0
311,2,1,1,4,0,2,0,6,0,5,1,0,0,3,2,7,2,6,0,2,5,9,0
650,2,0,1,4,0,3,8,3,2,5,4,0,1,0,3,5,1,2,1,1,5,7,0
518,4,2,1,4,0,0,9,7,2,5,7,0,0,2,2,8,2,2,2,2,5,8,0
470,2,0,1,2,0,1,0,9,4,2,7,0,0,2,2,8,2,2,1,2,5,6,0
708,2,1,1,1,0,2,0,8,2,5,0,0,0,0,2,1,2,2,0,2,5,8,0
375,4,0,1,3,0,1,9,7,4,5,1,0,2,3,3,7,2,2,1,1,1,0,0
657,3,0,1,4,0,1,6,6,4,5,1,0,0,0,2,7,2,3,0,2,5,3,0
127,5,2,1,2,0,1,7,6,2,5,7,0,0,3,2,7,1,2,2,2,5,9,0
94,5,0,1,5,0,1,0,9,4,5,7,0,0,2,2,1,2,2,2,2,5,3,0
708,3,0,1,4,0,0,7,7,2,5,1,0,0,0,2,8,1,2,2,2,4,0,0
379,4,0,1,2,1,1,0,5,4,5,5,0,0,3,2,1,2,2,0,1,5,1,0
621,6,0,1,4,1,0,5,7,4,5,0,0,1,1,2,8,1,2,1,1,5,3,0
463,2,2,1,1,0,3,9,9,2,5,7,0,0,3,2,8,2,1,0,2,5,9,0
276,3,2,1,1,0,2,4,8,3,3,6,0,0,3,2,8,1,2,0,2,5,3,0
131,5,1,1,2,0,1,7,6,1,5,7,0,0,3,2,6,1,3,3,3,5,9,0
1002,1,1,1,4,0,2,2,7,2,5,4,0,1,3,2,4,1,6,0,2,5,11,0
470,2,0,1,2,0,1,3,7,4,5,7,0,0,2,2,8,2,2,1,2,5,4,0
633,5,1,1,2,1,2,8,2,2,5,0,0,0,2,2,2,2,2,3,3,5,1,0
720,1,0,1,4,0,2,10,7,2,5,5,0,2,0,3,8,1,3,0,2,4,2,0
293,3,1,1,2,1,2,2,7,5,4,3,1,0,3,2,3,1,2,1,2,5,6,0
489,3,0,1,3,0,1,1,5,4,5,7,0,0,2,2,8,2,2,2,2,5,9,0
298,2,1,1,3,0,2,0,9,3,4,7,0,2,3,2,2,1,3,2,2,5,8,0
608,6,1,1,3,0,2,4,4,4,5,1,0,3,0,4,8,1,2,1,2,5,10,0
311,2,1,1,4,1,2,0,7,5,5,1,1,0,3,2,0,2,2,2,2,5,9,0
463,2,1,1,1,0,3,9,8,2,5,7,0,0,2,2,8,2,2,1,2,5,8,0
1013,1,1,1,4,0,1,0,6,2,5,1,0,0,3,2,8,2,6,0,2,5,7,0
521,4,2,1,4,0,0,8,7,2,5,7,0,0,2,2,8,2,2,2,2,5,8,0
657,3,0,1,4,0,1,1,9,6,5,1,0,0,0,2,5,2,6,3,3,5,3,0
1006,1,1,1,4,0,1,1,8,2,5,2,0,0,3,2,5,1,4,0,2,5,10,0
138,3,0,1,4,1,1,8,7,2,5,3,0,0,3,2,4,1,2,1,1,5,5,0
657,3,0,1,4,0,1,2,6,5,5,1,0,0,0,2,8,2,2,0,2,5,3,0
36,3,0,1,4,0,1,2,6,3,5,5,0,0,0,2,8,2,2,0,2,5,1,0
657,3,0,1,2,1,1,0,10,4,5,0,0,0,0,2,8,2,2,1,2,5,1,0
192,0,0,1,1,0,2,6,4,3,5,1,0,0,3,2,8,3,4,0,2,5,8,0
707,3,0,1,4,0,0,0,9,4,5,0,0,0,0,2,8,1,2,3,3,5,15,0
470,2,0,1,4,0,1,0,9,5,4,7,0,0,2,2,8,2,2,2,2,5,3,0
463,2,2,1,1,0,2,0,8,3,5,7,0,0,3,2,8,2,1,0,2,5,11,0
465,2,2,1,4,0,1,9,6,1,5,7,0,0,2,2,8,2,2,2,2,5,0,0
381,4,0,1,2,1,1,0,7,3,5,7,0,0,3,2,2,2,2,0,1,4,1,0
192,0,0,1,1,0,1,8,9,6,5,1,0,0,3,2,8,3,0,0,2,5,11,0
469,2,0,1,4,0,1,7,6,3,5,7,0,0,2,2,8,2,2,2,2,5,0,0
550,4,3,0,0,1,0,4,6,3,5,7,0,2,0,2,2,2,2,2,2,5,9,0
593,2,0,1,2,1,2,7,3,2,5,1,0,0,1,2,5,1,2,1,2,5,1,0
704,4,0,1,4,0,0,8,8,3,5,1,0,0,0,2,8,1,2,3,3,5,2,0
705,3,0,1,4,0,0,3,9,4,5,0,0,0,0,2,8,1,2,3,3,5,14,0
704,4,0,1,4,0,1,8,8,4,5,1,0,0,0,2,8,1,2,3,3,5,7,0
468,2,0,1,3,0,1,0,7,5,5,7,0,0,2,2,8,2,2,3,3,5,2,0
704,4,0,1,2,0,0,5,9,3,5,0,0,0,0,2,5,1,2,1,2,5,5,0
703,4,0,1,3,0,2,7,9,4,5,0,0,0,0,2,6,1,2,2,2,5,11,0
101,3,0,1,4,2,3,7,7,2,5,1,0,0,3,2,2,2,2,1,2,5,0,0
384,4,1,1,3,0,1,6,6,3,5,7,0,0,3,2,6,2,6,0,2,4,16,0
70,3,0,1,4,1,1,6,6,2,5,2,0,0,2,2,8,2,2,0,2,5,1,0
554,4,3,0,0,2,0,3,7,4,5,7,0,3,0,2,3,3,2,2,2,5,7,0
648,4,0,1,3,0,1,7,4,3,5,0,0,0,1,2,5,2,3,1,2,5,2,0
375,4,1,1,3,0,2,2,2,4,5,4,0,1,1,2,3,1,2,0,2,5,2,0
657,3,0,1,4,0,1,5,6,4,5,1,0,0,0,2,8,2,3,0,2,5,3,0
374,3,0,1,4,0,1,8,6,4,5,1,0,3,3,4,6,2,2,1,2,1,0,0
710,4,0,1,4,0,0,12,9,5,5,1,0,0,0,2,8,1,4,2,2,2,0,0
657,3,0,1,3,0,1,5,6,4,5,0,0,0,0,2,8,2,3,0,2,5,2,0
375,4,1,1,4,0,2,5,4,4,5,6,0,0,0,2,6,1,2,0,2,4,2,0
1013,1,1,1,4,0,1,0,8,2,5,1,0,0,3,2,8,2,2,0,2,5,8,0
115,3,1,1,1,0,0,0,7,4,5,2,1,0,3,2,2,1,2,0,2,5,9,0
644,2,0,1,4,0,3,7,2,2,5,6,0,2,0,3,8,1,2,0,1,5,9,0
415,4,0,1,4,0,0,12,7,3,5,2,0,0,2,2,8,2,2,0,1,5,13,0
219,1,2,1,1,0,1,7,5,6,5,5,0,0,3,2,3,1,1,0,2,5,9,0
657,3,0,1,3,0,1,4,7,4,5,0,0,0,0,2,8,2,3,0,2,5,2,0
657,3,1,1,4,0,2,5,8,5,5,1,0,0,0,2,2,2,2,3,3,5,7,0
657,3,0,1,1,1,1,0,11,4,5,0,0,0,0,2,8,2,2,2,2,5,1,0
468,2,0,1,3,0,1,6,6,3,5,7,0,0,2,2,8,2,2,2,2,5,0,0
1006,1,1,1,2,0,0,3,8,2,5,1,0,0,3,2,8,1,2,0,2,5,7,0
392,4,1,1,2,0,0,2,9,1,5,7,0,0,1,2,8,2,2,2,2,1,11,0
123,5,1,1,1,0,0,6,6,2,5,5,0,0,3,2,6,1,2,2,2,5,9,0
395,4,0,1,4,0,1,10,6,4,5,4,0,0,3,2,6,2,5,0,1,5,16,0
378,4,0,1,2,1,1,2,5,4,5,7,0,0,1,2,3,1,2,0,1,5,1,0
710,2,0,1,4,0,1,7,7,2,5,1,0,0,0,2,8,2,2,2,2,5,1,0
192,0,1,1,1,0,1,9,10,5,5,1,0,0,3,2,8,3,0,0,2,5,9,0
567,2,1,1,4,0,0,5,8,2,5,3,0,1,0,2,4,1,2,2,2,5,2,0
657,3,0,1,4,0,2,3,8,6,5,1,0,0,0,2,2,2,2,2,2,5,8,0
100,3,0,1,4,1,1,6,7,2,5,2,0,0,3,2,6,2,2,0,2,5,1,0
99,4,0,1,5,0,2,3,8,3,5,4,0,0,3,2,1,2,2,2,2,5,1,0
533,4,2,0,2,0,0,7,7,2,5,7,0,1,1,2,5,2,2,2,2,5,9,0
411,4,1,1,2,1,1,5,11,2,5,7,0,0,0,2,7,2,4,1,2,1,16,0
591,4,1,1,4,0,2,7,4,2,5,1,0,1,0,3,5,1,2,3,3,5,6,0
108,2,0,1,0,0,0,2,5,3,5,1,1,0,3,2,1,1,2,0,2,5,6,0
631,6,0,1,2,1,1,8,3,2,5,0,0,0,2,2,2,1,2,2,2,5,2,0
220,1,2,1,1,0,1,7,1,5,5,5,0,0,3,2,3,1,1,0,2,5,9,0
706,3,0,1,4,0,1,7,7,2,5,1,0,0,0,2,8,1,2,3,3,5,3,0
907,4,1,1,1,0,0,6,6,4,5,1,0,0,3,2,2,1,2,0,2,5,8,0
380,3,0,1,2,1,1,0,6,4,5,6,0,0,3,2,1,2,2,0,1,5,1,0
470,2,0,1,2,0,1,4,7,4,5,7,0,0,2,2,8,2,2,1,2,5,4,0
377,5,1,1,4,0,2,5,4,4,5,7,0,0,0,2,6,1,3,0,2,5,6,0
655,4,2,1,4,0,1,6,7,2,5,4,0,0,0,2,2,1,2,3,3,5,11,0
1011,1,1,1,4,0,1,0,6,2,5,1,0,0,3,2,7,1,7,0,2,5,7,0
312,3,1,1,4,0,2,3,6,1,5,1,1,0,3,2,8,2,3,0,2,5,9,0
657,3,0,1,4,0,1,0,8,6,5,1,0,0,0,2,8,2,7,2,2,5,0,0
464,2,1,1,2,0,2,0,9,4,5,7,0,0,2,2,8,2,1,0,2,5,10,0
618,6,0,1,2,0,1,4,7,4,5,1,0,3,0,4,8,1,2,0,1,5,11,0
375,4,1,1,3,0,2,6,5,4,5,1,0,3,3,4,6,2,2,2,2,5,10,0
657,3,0,1,2,0,1,5,8,4,5,0,0,0,0,2,4,2,2,3,3,5,2,0
98,5,0,1,4,0,2,5,7,2,5,5,0,0,3,2,6,2,9,0,2,5,3,0
1000,1,1,1,4,0,2,3,6,2,5,4,0,1,3,2,3,1,9,0,2,5,10,0
312,3,1,1,3,1,1,0,7,4,5,1,1,0,3,2,0,2,2,1,2,5,9,0
105,2,0,1,2,1,1,5,8,4,5,1,0,0,3,2,1,1,2,1,2,5,10,0
1013,1,1,1,4,0,1,0,8,2,5,1,0,0,3,2,8,2,3,0,2,5,8,0
751,3,3,0,4,0,1,5,6,3,6,1,0,0,0,2,8,1,2,1,2,5,8,0
147,2,0,1,4,1,1,11,7,2,5,2,0,0,3,2,2,1,2,1,1,5,2,0
470,2,0,1,4,0,1,1,8,5,5,7,0,0,2,2,8,2,2,2,2,5,2,0
818,2,2,1,3,0,1,9,5,2,6,1,0,0,0,2,6,2,2,2,2,5,9,0
876,6,0,1,2,0,1,5,7,2,3,2,0,1,1,2,3,2,2,1,2,5,10,0
192,0,0,1,1,0,1,7,4,6,5,1,0,0,3,2,8,3,0,0,2,5,14,0
463,2,3,1,4,0,1,9,6,1,5,7,0,0,2,2,8,2,2,3,3,5,0,0
709,3,1,1,1,0,1,3,9,3,5,0,0,0,0,2,2,1,2,0,2,4,6,0
466,2,1,1,2,1,1,5,4,2,5,7,0,0,2,2,8,2,2,2,2,5,0,0
708,3,1,1,1,0,1,0,8,2,5,0,0,0,0,2,1,2,2,0,2,5,8,0
306,3,1,1,3,0,2,0,6,0,4,1,0,0,3,2,8,1,6,0,2,5,8,0
466,2,1,1,2,0,2,8,8,2,5,7,0,0,2,2,8,2,2,1,2,5,4,0
470,2,0,1,0,1,1,0,8,4,5,7,0,0,2,2,8,2,2,1,2,5,10,0
192,0,1,1,1,0,2,7,1,4,5,1,0,0,3,2,8,3,0,1,2,5,11,0
657,2,0,1,3,0,2,1,6,4,3,2,0,0,0,2,8,1,2,0,2,5,4,0
657,3,0,1,4,0,1,5,7,4,5,1,0,0,0,2,5,2,3,1,2,5,5,0
7,3,0,1,4,0,1,0,6,4,5,7,0,0,0,2,8,2,2,1,2,5,1,0
372,3,0,1,4,0,1,2,6,4,5,1,0,3,3,4,2,2,4,0,2,5,5,0
470,2,0,1,4,0,1,5,7,4,4,7,0,0,2,2,8,2,2,1,2,5,0,0
637,4,0,1,2,1,2,8,2,2,5,2,0,1,1,2,4,1,2,1,2,5,4,0
119,2,1,1,0,0,0,0,7,4,5,2,1,0,3,2,1,1,2,0,1,5,7,0
98,5,0,1,4,0,3,5,7,2,5,5,0,0,3,2,6,2,9,0,2,5,0,0
517,5,1,1,2,0,2,4,1,2,5,7,0,0,3,2,8,2,2,2,2,5,16,0
372,3,0,1,4,0,1,4,6,4,5,1,0,3,3,4,4,2,3,0,2,3,1,0
841,4,1,1,4,0,1,7,7,1,4,2,0,1,0,2,6,2,2,3,3,5,9,0
149,4,0,1,4,2,1,7,6,0,5,6,0,2,3,2,1,1,8,2,2,5,8,0
657,3,0,1,4,0,1,7,6,4,5,1,0,0,0,2,7,2,3,0,2,5,3,0
657,3,0,1,4,0,2,3,8,6,5,1,0,0,0,2,3,2,2,2,2,5,7,0
192,0,0,1,1,0,1,7,5,6,5,1,0,0,3,2,8,3,0,0,2,5,14,0
1007,1,1,1,2,0,0,2,6,2,5,1,0,0,3,2,8,1,5,0,2,5,5,0
192,0,1,1,1,0,2,7,0,4,5,1,0,0,3,2,8,3,0,1,2,5,9,0
53,4,0,1,5,0,1,0,7,4,5,7,0,0,1,2,4,2,2,2,2,5,2,0
470,2,0,1,2,0,1,0,9,5,5,7,0,0,2,2,8,2,2,2,2,5,5,0
381,5,1,1,4,0,2,6,5,4,5,7,0,0,1,2,6,1,5,0,2,5,12,0
399,1,0,1,1,0,1,4,6,1,5,2,0,0,2,2,6,1,2,0,1,5,1,0
463,2,2,1,1,0,3,0,9,3,5,7,0,0,3,2,8,2,1,0,2,5,11,0
657,3,0,1,2,0,1,0,10,5,5,0,0,0,0,2,8,2,5,3,3,5,0,0
101,3,0,1,2,1,2,7,4,2,5,1,0,0,3,2,2,2,3,2,2,5,0,0
548,4,2,1,4,1,0,1,7,5,5,7,0,2,0,2,8,2,2,2,2,5,3,0
626,6,0,1,2,0,1,5,7,3,5,0,0,2,0,3,6,1,2,0,1,5,9,0
710,3,0,1,2,0,0,7,9,4,5,0,0,0,0,2,4,1,3,1,2,3,4,0
658,1,0,1,2,0,2,2,6,2,2,4,0,0,0,2,8,1,3,1,2,5,6,0
279,3,2,1,1,1,2,4,8,4,3,6,0,0,3,2,6,1,2,0,2,5,3,0
99,4,0,1,2,0,2,5,4,2,5,4,0,0,3,2,5,2,7,0,2,5,1,0
141,2,0,1,4,1,1,10,7,2,5,2,0,0,3,2,3,1,2,1,1,5,4,0
711,3,0,1,3,0,0,10,9,4,5,0,0,0,0,2,6,1,4,1,2,2,2,0
131,5,1,1,2,0,1,7,6,1,5,7,0,0,3,2,6,1,3,3,3,5,9,0
312,3,1,1,3,1,1,0,7,4,5,1,1,0,3,2,0,2,3,1,2,5,9,0
192,0,0,1,1,0,2,7,3,5,5,1,0,0,3,2,8,3,0,0,2,5,14,0
463,2,2,1,1,1,2,2,4,2,5,7,0,0,3,2,8,2,1,1,2,5,4,0
463,2,2,1,1,1,2,6,4,2,5,7,0,0,3,2,8,2,2,2,2,5,4,0
657,3,0,1,3,0,1,7,6,4,5,0,0,0,0,2,2,2,2,3,3,5,2,0
515,4,0,1,2,0,2,2,1,2,5,7,0,0,2,2,8,2,2,2,2,5,17,0
999,1,1,1,4,0,2,3,6,2,5,4,0,1,3,2,3,1,9,0,2,5,10,0
709,3,0,1,4,0,0,4,9,4,5,0,0,0,0,2,8,1,2,2,2,4,11,0
110,2,0,1,0,0,0,0,7,4,5,1,1,0,3,2,1,1,2,0,2,5,8,0
103,2,0,1,0,0,0,5,2,2,5,1,0,0,3,2,1,1,2,1,2,5,2,0
100,3,0,1,4,1,1,6,7,2,5,2,0,0,3,2,5,2,2,0,2,5,1,0
48,4,0,1,4,0,1,2,6,3,5,7,0,0,1,2,8,2,6,0,2,5,1,0
201,0,1,1,1,0,1,9,10,6,5,2,0,0,3,2,6,2,0,0,2,5,9,0
378,4,0,1,2,1,1,0,4,4,5,4,0,1,3,2,1,2,2,0,1,5,1,0
285,3,2,1,1,0,2,5,8,3,3,5,0,0,3,2,8,1,2,0,2,5,4,0
101,3,0,1,4,2,1,8,7,2,5,1,0,0,3,2,7,2,2,0,2,5,0,0
739,0,1,1,3,0,2,7,5,2,5,5,0,2,0,3,8,1,2,0,2,5,5,0
142,2,0,1,3,1,0,12,7,2,5,1,0,0,3,2,1,1,2,1,1,5,3,0
377,4,1,1,2,0,1,0,3,4,5,3,0,1,3,3,1,2,2,1,1,5,1,0
465,2,1,1,2,1,1,2,5,2,3,7,0,0,2,2,8,2,2,2,2,5,1,0
210,0,1,1,1,0,1,7,3,6,5,3,0,0,3,2,5,2,0,0,2,5,12,0
657,3,0,1,4,0,2,3,8,6,5,1,0,0,0,2,2,2,2,2,2,5,8,0
467,2,0,1,2,0,1,1,6,3,2,7,0,0,2,2,8,2,2,1,2,5,2,0
463,2,3,1,3,0,2,10,6,1,5,7,0,0,3,2,8,2,2,2,2,5,0,0
657,3,0,1,4,0,1,5,7,4,5,1,0,0,0,2,4,2,4,3,3,5,1,0
100,3,0,1,1,0,1,6,1,2,5,1,0,0,3,2,1,2,2,2,2,5,1,0
708,3,1,1,1,0,1,0,9,2,5,0,0,0,0,2,2,2,2,0,2,5,10,0
1001,1,2,1,2,0,0,5,7,3,5,1,0,0,3,2,8,1,2,0,2,5,5,0
285,3,2,1,1,0,2,5,8,3,3,5,0,0,3,2,8,1,2,0,2,5,4,0
711,3,0,1,4,0,0,11,8,4,5,1,0,0,0,2,8,1,4,2,2,2,0,0
706,3,0,1,4,0,0,1,9,4,5,0,0,0,0,2,8,1,2,3,3,5,13,0
7,3,0,1,4,0,1,1,6,4,5,7,0,0,0,2,8,2,2,1,2,5,2,0
39,4,1,1,4,0,3,6,8,3,5,7,0,0,1,2,8,2,5,0,2,5,6,0
415,4,0,1,3,0,0,11,8,3,5,2,0,0,2,2,8,2,2,0,1,3,13,0
657,3,0,1,4,0,1,3,6,5,5,1,0,0,0,2,8,2,2,0,2,5,3,0
876,5,0,1,3,0,1,4,8,1,3,2,0,2,0,2,6,1,2,3,3,5,10,0
384,4,1,1,3,0,1,7,6,3,5,7,0,0,3,2,6,2,6,0,2,4,17,0
375,4,1,1,2,0,1,0,1,4,5,1,0,2,3,3,1,2,2,1,1,5,1,0
637,5,0,1,4,1,1,4,8,4,5,0,0,0,2,2,8,2,2,1,2,5,4,0
307,2,1,1,3,0,1,0,8,2,5,4,0,1,3,2,0,2,4,1,2,5,9,0
707,3,0,1,4,0,0,0,9,4,5,0,0,0,0,2,8,1,2,3,3,5,15,0
657,3,0,1,4,0,2,2,9,6,5,1,0,0,0,2,4,2,4,3,3,5,5,0
101,3,0,1,4,2,2,8,8,3,5,1,0,0,3,2,2,2,2,2,2,5,11,0
99,4,0,1,5,0,2,3,8,3,5,4,0,0,3,2,1,2,2,2,2,5,1,0
380,4,1,1,4,0,2,8,6,4,5,4,0,1,3,2,6,2,4,0,2,3,9,0
657,3,0,1,4,0,1,1,6,5,5,1,0,0,0,2,8,2,2,0,2,5,3,0
149,4,0,1,4,2,1,7,6,0,5,6,0,2,3,2,1,1,8,2,2,5,8,0
463,2,2,1,1,0,3,7,5,2,5,7,0,0,3,2,8,2,2,1,2,5,5,0
995,1,2,1,1,0,0,7,6,3,5,1,0,0,3,2,7,1,2,0,2,5,4,0
99,4,0,1,5,0,2,2,8,3,5,4,0,0,3,2,1,2,2,2,2,5,1,0
531,4,1,1,2,0,1,1,3,3,5,7,0,1,1,2,8,2,2,2,2,5,12,0
383,5,1,1,4,0,2,7,5,4,5,7,0,0,2,2,6,1,6,0,2,5,16,0
375,3,0,1,3,0,1,0,6,4,5,3,0,1,3,3,1,2,3,0,1,5,2,0
545,4,3,0,0,1,0,4,5,3,5,7,0,2,0,2,3,2,2,2,2,5,11,0
657,3,0,1,4,0,1,7,6,4,5,1,0,0,0,2,2,2,2,2,2,5,3,0
100,3,0,1,4,1,1,7,7,2,5,2,0,0,3,2,6,2,2,0,2,5,1,0
470,2,0,1,3,0,1,0,9,5,5,7,0,0,2,2,8,2,2,2,2,5,4,0
630,6,0,1,3,1,1,4,9,4,5,0,0,0,2,2,8,1,2,1,1,5,6,0
415,4,0,1,2,1,0,6,11,2,5,5,0,0,0,2,8,2,3,1,1,1,15,0
637,5,1,1,2,1,2,8,2,2,5,0,0,0,2,2,2,2,2,3,3,5,1,0
312,3,1,1,3,1,1,0,7,4,5,1,1,0,3,2,0,2,3,1,2,5,9,0
956,2,1,1,4,0,2,5,6,1,4,5,0,3,2,2,2,1,8,0,2,5,12,0
653,2,0,1,4,0,2,7,4,3,5,3,0,1,0,2,8,1,3,0,1,5,5,0
373,4,0,1,4,0,2,3,4,4,5,5,0,0,0,2,4,1,2,0,2,5,3,0
468,2,0,1,0,1,2,0,9,4,5,7,0,0,2,2,8,2,1,0,2,5,11,0
463,2,1,1,2,0,2,0,9,4,4,7,0,0,2,2,8,2,1,0,2,5,11,0
993,1,1,1,4,0,2,4,6,2,5,6,0,2,3,2,1,1,10,0,2,5,12,0
101,3,0,1,2,1,1,8,5,3,5,1,0,0,3,2,2,2,2,2,2,5,7,0
376,4,1,1,4,0,2,8,6,4,5,1,0,2,3,3,7,2,2,2,2,5,13,0
633,6,0,1,3,2,1,5,7,3,5,0,0,0,3,2,6,2,2,2,2,5,4,0
702,5,0,1,4,0,1,9,9,5,5,1,0,0,0,2,8,1,2,3,3,5,11,0
225,1,2,1,1,0,1,7,1,5,5,5,0,0,3,2,3,1,1,0,2,5,9,0
478,2,0,1,0,1,2,0,7,3,5,7,0,0,2,2,8,2,2,1,2,5,12,0
657,3,0,1,1,1,1,0,11,4,5,0,0,0,0,2,7,2,2,3,3,5,1,0
276,3,2,1,1,1,2,4,8,4,3,6,0,0,3,2,7,1,2,0,2,5,3,0
556,3,2,1,4,1,0,0,7,5,5,6,0,2,0,2,7,2,2,2,2,5,2,0
101,3,0,1,2,0,1,7,3,2,5,1,0,0,3,2,4,2,2,1,2,5,1,0
611,6,1,1,4,0,0,5,7,5,6,0,0,1,1,3,8,1,2,0,1,5,1,0
806,0,0,1,4,0,1,5,7,3,4,6,0,0,2,2,2,1,8,3,3,5,0,0
384,4,1,1,4,0,2,8,6,4,5,6,0,0,3,2,6,2,6,0,2,5,17,0
657,3,0,1,4,0,1,0,7,6,5,1,0,0,0,2,8,2,5,1,2,5,1,0
958,2,0,1,4,0,1,1,7,1,4,1,0,1,1,2,7,2,5,1,2,5,8,0
714,3,0,1,4,0,0,13,8,5,5,2,0,0,0,2,8,1,4,1,2,2,0,0
708,3,1,1,2,0,1,2,8,2,5,0,0,0,0,2,3,2,2,1,2,5,5,0
147,2,0,1,4,1,1,11,7,2,5,2,0,0,3,2,2,1,2,1,1,5,2,0
583,2,0,1,4,0,0,9,8,0,5,1,0,0,0,2,2,1,2,2,2,5,1,0
821,3,2,1,3,0,1,8,5,2,6,1,0,0,0,2,5,2,2,2,2,5,9,0
619,6,0,1,4,1,0,5,7,4,5,0,0,1,1,2,8,1,2,1,1,5,2,0
293,3,1,1,1,0,0,2,7,2,4,3,0,0,3,2,3,1,3,0,2,5,6,0
375,4,1,1,4,0,2,8,7,4,5,1,0,3,3,4,8,2,2,2,2,4,12,0
470,2,0,1,0,1,1,0,9,4,4,7,0,0,2,2,8,2,2,1,2,5,10,0
373,3,0,1,4,0,1,5,6,4,5,1,0,3,3,4,4,2,3,1,2,2,1,0
375,4,1,1,4,0,2,8,7,4,5,1,0,3,3,4,8,2,2,2,2,3,8,0
143,2,0,1,3,1,1,13,6,2,5,1,0,0,3,2,2,1,2,2,1,5,4,0
99,4,0,1,5,0,1,3,8,3,5,4,0,0,3,2,3,2,2,1,2,5,2,0
192,0,1,1,1,0,2,5,5,0,5,1,0,0,3,2,8,3,8,0,2,5,1,0
312,3,1,1,4,1,2,1,7,4,5,1,2,0,3,2,2,2,2,1,2,5,9,0
657,3,0,1,4,0,1,7,6,4,5,1,0,0,0,2,4,2,2,1,2,5,3,0
99,5,0,1,5,0,0,0,8,4,5,6,0,0,3,2,1,1,2,2,2,5,3,0
376,4,0,1,3,0,1,6,7,4,5,2,0,2,3,3,6,2,2,1,1,2,0,0
647,1,0,1,3,0,3,7,2,1,4,7,0,2,0,3,8,1,2,0,1,5,9,0
1010,1,1,1,3,0,0,1,8,2,5,1,0,0,3,2,8,1,2,0,2,5,8,0
470,2,0,1,4,0,1,4,8,4,3,7,0,0,2,2,8,2,2,1,2,5,1,0
648,2,0,1,4,0,3,7,3,2,5,5,0,2,0,3,6,1,2,0,1,5,9,0
754,3,3,0,4,0,1,5,6,3,6,1,0,0,0,2,8,1,2,1,2,5,8,0
601,2,1,1,1,1,2,5,1,4,5,1,0,0,2,2,8,1,2,0,1,5,0,0
470,2,0,1,4,0,1,0,9,4,1,7,0,0,2,2,8,2,2,1,2,5,2,0
712,3,0,1,4,0,0,12,8,5,5,1,0,0,0,2,8,1,4,2,2,2,0,0
517,5,1,1,3,0,1,8,6,2,5,7,0,0,3,2,8,2,2,2,2,5,10,0
599,5,1,1,3,0,3,5,1,4,5,1,0,2,0,3,8,1,2,2,2,5,8,0
373,3,0,1,4,0,2,4,6,4,5,1,0,3,3,4,5,2,3,1,2,5,9,0
415,4,0,1,4,0,0,8,8,2,5,5,0,0,0,2,8,2,2,2,2,5,13,0
1011,1,1,1,3,0,0,0,8,2,5,1,0,0,3,2,8,1,2,0,2,5,8,0
310,2,1,1,4,1,2,0,7,5,5,1,1,0,3,2,0,2,2,2,2,5,9,0
898,5,0,1,4,0,1,4,8,1,3,2,0,2,0,2,6,2,2,2,2,5,9,0
312,3,1,1,2,0,1,1,7,2,5,1,0,0,3,2,2,2,3,0,2,5,9,0
591,2,0,1,2,0,1,7,4,1,5,1,0,0,1,2,4,1,2,1,2,5,1,0