Time,Day_of_week,Age_band_of_driver,Sex_of_driver,Educational_level,Vehicle_driver_relation,Driving_experience,Type_of_vehicle,Area_accident_occured,Lanes_or_Medians,Road_allignment,Types_of_Junction,Road_surface_type,Road_surface_conditions,Light_conditions,Weather_conditions,Type_of_collision,Number_of_vehicles_involved,Vehicle_movement,Casualty_class,Casualty_severity,Pedestrian_movement,Cause_of_accident,Accident_severity
98,5,0,1,5,0,1,2,9,4,5,5,0,0,3,2,1,2,2,3,3,5,5,0
469,2,0,1,3,0,1,0,9,4,1,7,0,0,2,2,8,2,1,0,2,5,3,0
105,2,0,1,0,0,0,4,3,2,5,1,0,0,3,2,1,1,2,1,2,5,4,0
657,3,0,1,4,0,1,1,6,5,5,1,0,0,0,2,8,2,2,0,2,5,3,0
1005,1,1,1,4,0,1,1,6,2,5,3,0,1,3,2,5,1,8,0,2,5,9,0
469,2,0,1,3,0,1,0,8,5,5,7,0,0,2,2,8,2,2,3,3,5,2,0
633,6,0,1,2,2,1,7,4,2,5,0,0,0,3,2,4,2,2,2,2,5,2,0
517,5,1,1,3,0,1,8,5,2,5,7,0,0,3,2,8,2,2,2,2,5,11,0
187,0,0,1,1,0,1,7,4,5,5,1,0,0,3,2,7,2,0,0,2,5,14,0
657,3,0,1,4,0,2,0,7,6,5,1,0,0,0,2,6,2,2,0,2,5,4,0
583,2,0,1,4,0,1,9,7,0,5,1,0,0,0,2,2,1,2,3,3,5,3,0
409,0,1,1,1,0,1,6,7,0,5,2,0,0,1,2,8,1,2,0,2,4,4,0
111,2,0,1,0,0,0,0,7,3,5,1,1,0,3,2,1,1,2,0,2,5,8,0
98,5,0,1,5,0,1,2,8,3,5,5,0,0,3,2,3,2,2,2,2,5,2,0
657,3,0,1,4,0,2,1,7,6,5,1,0,0,0,2,5,2,2,1,2,5,5,0
657,3,0,1,4,0,2,4,8,5,5,1,0,0,0,2,3,2,2,2,2,5,7,0
101,3,0,1,3,1,1,8,8,3,5,1,0,0,3,2,2,1,2,3,3,5,11,0
599,6,2,1,4,0,2,5,2,4,5,1,0,3,0,4,8,1,2,2,2,5,7,0
101,3,0,1,1,0,1,7,2,2,5,1,0,0,3,2,3,2,2,1,2,5,1,0
736,1,1,1,4,0,2,10,6,2,5,5,0,2,0,3,8,2,3,0,2,5,4,0
851,4,0,1,3,0,1,3,6,1,3,2,0,2,0,2,6,1,2,3,3,5,10,0
649,1,0,1,3,0,3,7,2,1,4,7,0,2,0,3,8,1,2,0,1,5,9,0
101,3,0,1,4,2,1,8,7,2,5,1,0,0,3,2,6,2,2,0,2,5,0,0
463,2,2,1,1,0,3,0,9,3,5,7,0,0,3,2,8,2,1,0,2,5,11,0
656,4,1,1,4,0,0,7,6,2,5,3,0,0,0,2,5,1,3,1,2,5,7,0
464,2,1,1,2,0,2,0,9,4,5,7,0,0,2,2,8,2,1,0,2,5,9,0
834,2,0,1,4,0,1,5,7,2,4,5,0,1,1,2,3,1,6,3,3,5,3,0
409,4,0,1,3,0,0,11,7,3,5,2,0,0,3,2,8,2,2,0,1,4,12,0
876,6,0,1,3,0,1,5,8,1,3,2,0,2,0,2,4,2,2,2,2,5,10,0
390,3,1,1,3,0,2,7,6,3,5,5,0,0,2,2,6,1,5,0,2,5,14,0
628,6,0,1,4,1,1,5,8,4,5,0,0,0,2,2,8,1,2,2,2,5,5,0
415,4,0,1,3,0,0,13,7,3,5,1,0,0,2,2,8,2,2,0,1,4,13,0
375,4,1,1,4,0,2,7,5,4,5,3,0,1,1,3,7,1,2,1,2,2,1,0
983,2,0,1,4,0,1,1,9,1,4,1,0,0,2,2,7,2,2,1,2,5,9,0
600,3,1,1,2,1,1,5,2,4,5,1,0,1,1,2,8,1,2,0,1,5,0,0
101,3,0,1,1,0,1,7,2,2,5,1,0,0,3,2,3,2,2,1,2,5,1,0
708,3,0,1,4,0,0,2,9,4,5,0,0,0,0,2,8,1,2,2,2,4,12,0
1002,1,2,1,2,0,0,5,7,3,5,1,0,0,3,2,8,1,2,0,2,5,5,0
599,6,2,1,4,0,1,5,3,4,5,1,0,3,0,4,8,1,2,1,2,5,5,0
655,5,3,1,4,0,0,8,6,0,5,6,0,0,0,2,2,1,2,3,3,5,12,0
735,0,1,1,3,0,2,7,5,2,5,5,0,2,0,3,8,1,2,0,2,5,4,0
760,3,3,0,3,0,1,4,5,4,6,1,0,0,0,2,8,1,2,2,2,5,9,0
399,4,1,1,4,0,1,7,7,3,5,7,0,0,1,2,6,2,4,1,2,5,16,0
279,2,2,1,1,0,2,4,9,3,3,7,0,0,3,2,6,1,2,0,2,5,4,0
214,1,2,1,1,0,1,8,6,6,5,4,0,0,3,2,4,1,1,0,2,5,9,0
466,2,1,1,4,0,1,4,7,3,5,7,0,0,2,2,8,2,2,3,3,5,1,0
655,1,0,1,1,0,2,5,4,0,2,7,0,0,0,2,8,1,4,2,2,5,9,0
657,3,0,1,4,0,1,0,8,6,5,1,0,0,0,2,8,2,6,1,2,5,1,0
378,4,0,1,2,1,1,3,7,4,5,4,0,1,3,2,4,2,2,0,1,3,0,0
657,3,1,1,4,0,2,6,6,4,5,1,0,0,0,2,2,2,2,3,3,5,4,0
415,4,0,1,4,0,0,12,7,3,5,2,0,0,2,2,8,2,2,0,1,5,13,0
467,2,0,1,3,0,1,7,7,3,5,7,0,0,2,2,8,2,2,1,2,5,2,0
375,4,1,1,4,0,3,6,5,4,5,4,0,1,1,2,6,1,2,1,2,5,6,0
484,2,0,1,0,1,2,0,6,3,5,7,0,0,2,2,8,2,2,1,2,5,13,0
637,4,0,1,2,1,2,8,2,2,5,2,0,1,1,2,4,1,2,1,2,5,4,0
704,4,0,1,4,0,1,11,9,6,5,1,0,0,0,2,8,1,2,2,2,4,8,0
283,3,2,1,1,0,2,5,8,3,3,5,0,0,3,2,8,1,2,0,2,5,4,0
657,3,0,1,4,0,1,1,6,5,5,1,0,0,0,2,8,2,2,0,2,5,3,0
99,4,0,1,5,0,2,3,8,3,5,4,0,0,3,2,1,2,2,2,2,5,1,0
708,3,0,1,2,0,0,0,9,3,5,0,0,0,0,2,5,2,2,1,2,5,13,0
786,1,1,0,4,0,1,5,6,4,5,4,0,0,1,2,4,1,6,2,2,5,3,0
192,0,1,1,1,0,1,8,10,4,5,1,0,0,3,2,8,3,2,0,2,5,7,0
192,0,2,1,1,0,2,5,5,0,5,1,0,0,3,2,8,3,7,0,2,5,2,0
412,2,0,1,3,0,0,11,6,2,5,1,0,0,2,2,8,1,2,0,1,5,9,0
768,1,2,0,2,0,1,2,3,4,5,1,0,0,0,2,8,1,2,2,2,5,10,0
600,3,1,1,2,1,1,5,2,4,5,1,0,1,1,2,8,1,2,0,1,5,0,0
372,3,0,1,4,0,1,1,5,4,5,3,0,1,1,3,2,1,3,0,2,5,3,0
465,2,1,1,1,0,2,0,9,4,5,7,0,0,2,2,8,2,1,0,2,5,11,0
105,2,0,1,2,1,2,3,7,2,5,1,0,0,3,2,1,1,2,1,2,5,3,0
381,4,1,1,4,0,2,8,6,4,5,4,0,1,3,2,6,2,5,1,2,5,16,0
412,4,1,1,2,1,1,5,11,2,5,7,0,0,0,2,7,2,4,1,2,1,16,0
469,2,0,1,3,0,1,0,9,4,1,7,0,0,2,2,8,2,1,0,2,5,3,0
999,1,2,1,1,0,0,6,7,3,5,1,0,0,3,2,8,1,2,0,2,5,5,0
99,4,0,1,4,1,1,7,7,2,5,3,0,0,3,2,8,2,5,0,2,5,1,0
657,3,0,1,2,1,1,3,9,4,5,0,0,0,0,2,5,2,2,3,3,5,1,0
100,3,0,1,1,0,1,6,1,2,5,1,0,0,3,2,2,2,3,1,2,5,1,0
657,3,1,1,4,0,2,4,8,5,5,1,0,0,0,2,2,2,2,3,3,5,8,0
375,4,1,1,4,0,3,7,6,4,5,2,0,2,2,3,7,1,2,2,2,5,10,0
1013,1,1,1,4,0,1,0,6,2,5,1,0,0,3,2,8,2,5,0,2,5,7,0
87,3,0,1,4,1,1,7,6,2,5,1,0,0,2,2,8,2,2,0,2,5,1,0
718,2,0,1,4,0,1,11,7,3,5,4,0,1,0,3,8,1,3,0,2,3,1,0
101,3,0,1,4,2,3,7,7,2,5,1,0,0,3,2,2,2,2,2,2,5,5,0
922,3,1,1,2,0,1,5,6,3,5,3,0,1,3,2,1,1,5,0,2,5,11,0
635,5,0,1,4,1,1,5,7,3,5,1,0,0,2,2,8,1,2,1,1,5,5,0
709,2,0,1,4,0,1,7,7,2,5,1,0,0,0,2,8,2,2,2,2,5,1,0
736,0,1,1,3,0,2,7,5,2,5,5,0,2,0,3,8,1,2,0,2,5,4,0
597,5,1,1,4,0,0,5,6,5,6,1,0,2,0,3,7,1,2,0,1,5,0,0
312,3,1,1,4,0,2,2,6,1,5,1,1,0,3,2,8,2,4,0,2,5,9,0
375,4,1,1,2,0,1,1,2,4,5,3,0,1,1,3,2,1,2,1,2,5,1,0
101,3,0,1,4,2,2,8,8,3,5,1,0,0,3,2,2,2,2,2,2,5,10,0
657,3,0,1,4,0,1,6,6,4,5,1,0,0,0,2,8,2,3,0,2,5,3,0
409,0,0,1,1,0,1,8,6,0,5,1,0,0,2,2,8,1,2,0,1,5,3,0
372,3,0,1,4,0,1,1,5,4,5,3,0,1,1,3,2,1,3,0,2,5,3,0
726,3,1,0,4,0,1,6,6,2,5,1,0,0,0,2,8,1,2,2,2,5,4,0
126,6,2,1,3,0,2,2,6,3,5,7,0,0,3,2,8,1,2,1,2,5,9,0
100,3,0,1,4,1,1,6,9,4,5,2,0,0,3,2,1,2,2,3,3,5,9,0
595,5,1,1,4,0,2,6,3,3,5,1,0,2,0,3,6,1,2,3,3,5,7,0
98,5,0,1,5,0,1,1,9,4,5,6,0,0,3,2,1,2,2,3,3,5,4,0
491,3,0,1,0,1,2,1,5,3,5,7,0,0,2,2,8,2,2,1,2,5,14,0
98,5,0,1,4,0,2,5,7,2,5,6,0,0,3,2,8,2,10,0,2,5,1,0
808,2,2,1,4,0,1,9,5,1,6,1,0,0,0,2,7,2,2,3,3,5,9,0
312,3,1,1,4,1,2,2,7,4,5,1,2,0,3,2,3,2,2,1,2,5,9,0
310,2,1,1,2,0,0,0,7,2,5,2,0,0,3,2,0,2,4,0,2,5,9,0
99,4,0,1,4,0,2,6,7,2,5,4,0,0,3,2,5,2,8,1,2,5,5,0
1010,1,1,1,4,0,1,0,8,2,5,1,0,0,3,2,7,1,3,0,2,5,9,0
702,5,0,1,4,0,0,9,9,4,5,1,0,0,0,2,8,1,2,3,3,5,3,0
379,4,1,1,2,0,1,2,8,1,5,5,0,0,3,2,8,2,2,2,2,0,7,0
464,2,1,1,1,0,2,0,9,4,5,7,0,0,2,2,8,2,1,0,2,5,11,0
941,3,1,1,2,0,2,5,6,2,5,4,0,1,3,2,1,1,7,0,2,5,11,0
517,5,1,1,3,0,1,9,6,2,5,7,0,0,3,2,8,2,2,2,2,5,9,0
98,6,0,1,5,0,1,2,8,3,5,7,0,0,3,2,4,2,6,1,2,5,2,0
308,2,1,1,4,0,2,0,7,1,5,3,0,1,3,2,5,2,5,1,2,5,9,0
167,2,1,1,2,1,1,6,6,0,5,4,0,1,3,2,3,2,9,1,2,5,5,0
104,2,0,1,2,1,1,6,8,4,5,1,0,0,3,2,1,1,2,2,2,5,11,0
378,4,1,1,4,0,2,9,6,4,5,3,0,1,3,3,7,2,3,1,2,2,6,0
469,2,0,1,3,0,1,6,6,3,5,7,0,0,2,2,8,2,2,2,2,5,0,0
192,0,2,1,1,0,2,6,0,3,5,1,0,0,3,2,8,3,1,1,2,5,7,0
192,0,1,1,1,0,2,7,1,4,5,1,0,0,3,2,8,3,0,1,2,5,11,0
400,4,0,1,3,0,0,8,7,2,5,3,0,0,3,2,8,2,2,0,1,2,11,0
795,0,0,1,3,0,2,2,4,4,5,4,0,0,1,2,4,1,6,3,3,5,4,0
651,4,2,1,4,0,1,8,4,0,5,7,0,1,0,2,4,1,2,1,2,5,11,0
415,4,1,1,2,1,0,5,10,2,5,7,0,0,0,2,8,2,3,2,2,2,15,0
714,2,0,1,4,0,1,8,7,2,5,3,0,1,0,2,8,2,2,1,2,5,1,0
372,3,0,1,4,0,1,2,5,4,5,3,0,1,1,3,3,1,3,0,2,5,3,0
100,3,0,1,4,1,1,8,7,2,5,1,0,0,2,2,8,2,2,0,2,5,1,0
469,2,0,1,4,0,1,0,8,5,5,7,0,0,2,2,8,2,2,3,3,5,2,0
312,3,1,1,3,0,1,0,6,0,5,1,0,0,3,2,5,2,6,0,2,5,9,0
375,4,0,1,3,0,1,8,7,4,5,1,0,2,3,3,7,2,2,1,1,1,0,0
817,0,0,1,3,0,1,5,6,4,5,6,0,0,3,2,1,1,7,2,2,5,1,0
311,2,1,1,4,0,2,0,6,0,5,1,0,0,3,2,7,2,6,0,2,5,9,0
652,4,2,1,4,0,1,8,4,0,5,7,0,0,0,2,3,1,2,2,2,5,12,0
600,4,1,1,2,0,1,5,3,5,6,1,0,1,1,3,8,1,2,0,1,5,0,0
312,3,1,1,4,0,2,4,7,2,5,1,2,0,3,2,7,2,2,0,2,5,9,0
467,2,0,1,0,1,2,0,9,4,5,7,0,0,2,2,8,2,1,0,2,5,11,0
305,2,1,1,4,0,2,0,8,3,5,5,1,2,3,2,0,2,3,2,2,5,9,0
381,4,0,1,2,0,1,0,8,2,5,7,0,0,3,2,5,2,2,1,1,2,6,0
192,0,0,1,1,0,2,7,3,5,5,1,0,0,3,2,8,3,0,0,2,5,14,0
819,1,0,1,4,0,1,5,7,3,4,6,0,0,2,2,2,1,7,3,3,5,1,0
379,4,0,1,2,1,1,1,6,4,5,7,0,0,2,2,3,1,2,0,1,5,1,0
650,3,0,1,3,0,1,7,4,3,5,0,0,0,0,2,6,2,3,0,2,5,2,0
703,4,0,1,3,0,2,8,9,5,5,0,0,0,0,2,6,1,2,2,2,5,11,0
657,2,0,1,3,0,2,4,8,4,4,2,0,0,0,2,3,1,2,3,3,5,9,0
463,2,2,1,1,0,3,10,8,1,5,7,0,0,3,2,8,2,2,1,2,5,6,0
1013,1,1,1,4,0,1,0,6,2,5,1,0,0,3,2,8,2,6,0,2,5,7,0
570,4,2,1,4,1,0,1,6,6,5,4,0,3,0,2,8,2,2,1,1,5,1,0
599,5,1,1,3,0,3,5,1,4,5,1,0,2,0,3,8,1,2,2,2,5,7,0
98,6,0,1,4,0,2,3,7,2,5,7,0,0,3,2,6,2,9,0,2,5,1,0
126,6,2,1,3,0,2,3,6,3,5,7,0,0,3,2,8,1,2,1,2,5,9,0
312,3,1,1,2,0,0,0,7,2,5,1,0,0,3,2,0,2,4,0,2,5,9,0
392,3,1,1,2,0,2,7,6,2,5,4,0,0,2,2,6,1,5,0,2,5,12,0
83,5,0,1,4,0,3,5,7,2,5,7,0,0,2,2,8,2,10,0,2,5,2,0
738,0,1,1,3,0,2,7,5,2,5,5,0,2,0,3,8,1,2,0,2,5,5,0
399,4,1,1,3,0,1,6,8,3,5,7,0,0,1,2,6,2,5,0,2,3,17,0
101,3,0,1,4,2,1,8,7,2,5,1,0,0,3,2,7,2,2,0,2,5,0,0
708,2,0,1,4,0,1,7,7,2,5,1,0,0,0,2,8,2,2,2,2,5,1,0
957,2,1,1,3,0,2,5,6,2,5,5,0,2,3,2,1,1,8,0,2,5,12,0
463,2,2,1,1,0,3,8,7,2,5,7,0,0,3,2,8,2,2,1,2,5,6,0
101,3,0,1,4,2,3,7,7,2,5,1,0,0,3,2,3,2,2,1,2,5,0,0
994,1,2,1,1,0,0,7,6,3,5,2,0,0,3,2,6,1,4,0,2,5,6,0
657,3,1,1,4,0,2,5,7,5,5,1,0,0,0,2,2,2,2,3,3,5,6,0
470,2,0,1,1,1,1,0,9,4,5,7,0,0,2,2,8,2,2,1,2,5,8,0
134,5,2,1,2,0,1,5,7,2,5,7,0,1,3,2,5,1,2,1,2,5,6,0
596,5,1,1,4,0,0,5,6,5,6,1,0,2,0,3,7,1,2,0,1,5,0,0
312,3,1,1,4,0,2,0,6,1,5,1,0,0,3,2,6,2,6,0,2,5,9,0
657,3,0,1,4,0,1,6,6,4,5,1,0,0,0,2,8,2,3,0,2,5,3,0
306,2,1,1,4,0,2,0,8,4,5,4,1,1,3,2,0,2,3,2,2,5,9,0
371,3,0,1,4,0,1,0,6,4,5,1,0,3,3,4,1,2,4,0,2,5,3,0
123,5,1,1,2,0,1,8,6,2,5,6,0,0,3,2,7,1,2,3,3,5,10,0
192,0,0,1,1,0,2,6,4,3,5,1,0,0,3,2,8,3,3,0,2,5,9,0
657,3,0,1,4,0,1,0,8,5,5,1,0,0,0,2,8,2,8,2,2,5,0,0
557,3,3,0,0,1,0,5,7,3,5,6,0,2,0,2,2,2,2,2,2,5,8,0
192,0,0,1,1,0,1,8,8,6,5,1,0,0,3,2,8,3,0,0,2,5,12,0
463,2,1,1,1,1,1,3,2,2,4,7,0,0,2,2,8,2,2,2,2,5,1,0
643,2,0,1,3,0,3,8,2,2,5,5,0,2,0,3,6,1,2,0,1,5,8,0
99,4,0,1,4,1,1,4,7,2,5,3,0,0,3,2,4,2,2,1,2,5,1,0
706,3,0,1,4,0,0,2,9,4,5,0,0,0,0,2,8,1,2,3,3,5,13,0
377,4,1,1,3,0,2,4,7,2,5,3,0,1,3,3,8,2,2,2,2,2,11,0
1013,1,1,1,4,0,1,0,8,2,5,1,0,0,3,2,8,2,2,0,2,5,8,0
865,5,0,1,3,0,1,4,8,1,3,2,0,2,0,2,6,1,2,3,3,5,10,0
464,2,1,1,2,0,2,0,9,4,5,7,0,0,2,2,8,2,1,0,2,5,10,0
287,3,2,1,2,1,2,3,8,4,3,4,0,0,3,2,5,1,2,0,2,5,5,0
708,3,0,1,4,0,0,7,7,2,5,1,0,0,0,2,8,1,2,2,2,4,0,0
101,3,0,1,4,2,2,8,8,3,5,1,0,0,3,2,2,2,2,2,2,5,9,0
1013,1,1,1,4,0,1,0,7,2,5,1,0,0,3,2,8,2,4,0,2,5,8,0
657,3,0,1,2,1,1,3,9,4,5,0,0,0,0,2,8,2,2,1,2,5,1,0
376,4,0,1,3,0,2,3,4,4,5,7,0,0,0,2,4,1,2,0,1,5,2,0
998,1,1,1,4,0,2,3,6,2,5,5,0,2,3,2,3,1,9,0,2,5,11,0
599,6,2,1,4,0,0,5,5,5,6,1,0,3,0,4,8,1,2,0,1,5,1,0
192,0,1,1,1,0,1,8,11,4,5,1,0,0,3,2,8,3,2,0,2,5,7,0
470,2,0,1,3,0,1,0,9,5,5,7,0,0,2,2,8,2,2,2,2,5,3,0
647,4,1,1,3,0,2,8,4,3,5,0,0,0,1,2,2,2,2,3,3,5,2,0
715,1,0,1,4,0,2,8,7,2,5,4,0,1,0,3,8,2,2,1,2,5,2,0
312,3,1,1,4,1,2,0,6,3,5,1,1,0,3,2,3,2,4,1,2,5,9,0
826,3,1,1,4,0,1,8,6,1,5,1,0,1,0,2,7,2,2,3,3,5,9,0
568,2,1,0,2,0,0,7,8,1,5,3,0,1,0,2,2,1,2,2,2,5,5,0
101,3,0,1,1,0,1,7,2,2,5,1,0,0,3,2,2,2,3,2,2,5,0,0
657,3,0,1,4,0,2,3,6,5,5,1,0,0,0,2,5,2,2,1,2,5,3,0
402,4,0,1,4,0,0,11,6,4,5,3,0,0,3,2,7,2,4,0,1,5,15,0
415,4,1,1,2,1,0,5,11,2,5,7,0,0,0,2,8,2,3,2,2,1,15,0
463,2,1,1,0,0,3,9,9,2,5,7,0,0,2,2,8,2,2,1,2,5,9,0
803,0,0,1,3,0,2,4,6,4,5,6,0,0,2,2,2,1,8,3,3,5,1,0
914,4,1,1,1,0,1,4,6,3,5,1,0,0,3,2,2,2,3,0,2,5,9,0
410,1,0,1,2,0,1,9,6,1,5,1,0,0,2,2,8,1,2,0,1,5,5,0
192,0,1,1,1,0,2,7,1,4,5,1,0,0,3,2,8,3,0,1,2,5,10,0
127,5,2,1,4,0,3,0,7,4,5,7,0,0,3,2,7,1,2,0,1,5,8,0
656,3,1,1,4,0,2,5,8,4,5,2,0,0,0,2,2,1,2,3,3,5,9,0
657,3,1,1,4,0,2,6,7,4,5,1,0,0,0,2,2,2,2,3,3,5,5,0
465,2,1,1,1,1,1,2,4,3,5,7,0,0,2,2,8,2,2,3,3,5,1,0
133,5,1,1,4,0,2,2,6,2,5,7,0,0,3,2,5,1,4,1,2,5,9,0
526,4,1,1,2,0,2,2,2,3,5,7,0,0,2,2,8,2,2,2,2,5,14,0
657,3,2,1,2,0,0,6,6,0,3,7,0,0,0,2,4,1,3,3,3,5,11,0
281,3,2,1,1,0,2,5,8,3,3,5,0,0,3,2,8,1,2,0,2,5,4,0
712,2,0,1,4,0,1,9,7,2,5,4,0,1,0,3,8,1,2,1,2,5,3,0
820,1,0,1,3,0,1,5,6,4,5,5,0,0,3,2,1,1,7,2,2,5,2,0
657,3,0,1,2,1,1,2,9,4,5,0,0,0,0,2,5,2,2,3,3,5,1,0
383,4,1,1,2,0,0,0,9,1,5,7,0,0,2,2,8,2,2,2,2,0,10,0
312,3,1,1,4,0,2,2,7,3,5,1,2,0,3,2,4,2,2,0,2,5,9,0
657,3,0,1,2,1,1,2,9,4,5,0,0,0,0,2,8,2,2,1,2,5,1,0
633,6,0,1,3,2,1,5,8,3,5,0,0,0,3,2,7,2,2,2,2,5,4,0
100,3,0,1,4,1,3,6,7,2,5,2,0,0,3,2,3,2,4,1,2,5,0,0
375,4,1,1,4,0,2,8,5,4,5,3,0,1,1,3,7,1,2,1,2,2,1,0
467,2,1,1,4,0,1,8,6,2,5,7,0,0,2,2,8,2,2,2,2,5,0,0
192,0,1,1,1,0,1,7,9,2,5,1,0,0,3,2,8,3,4,0,2,5,5,0
646,1,0,1,3,0,3,7,2,1,4,7,0,2,0,3,8,1,2,0,1,5,9,0
156,4,1,1,3,1,1,7,7,0,5,6,0,2,3,2,2,2,7,2,2,5,9,0
312,3,1,1,4,0,2,3,7,2,5,1,2,0,3,2,6,2,2,0,2,5,9,0
470,2,0,1,4,0,1,0,9,5,4,7,0,0,2,2,8,2,2,2,2,5,3,0
99,4,0,1,4,1,1,5,7,2,5,3,0,0,3,2,5,2,2,1,2,5,1,0
149,4,0,1,4,2,1,8,6,0,5,5,0,2,3,2,1,1,7,2,2,5,7,0
925,4,0,1,4,0,1,3,9,1,3,2,0,1,1,2,6,2,2,2,2,5,9,0
121,4,1,1,2,0,2,0,7,4,5,5,0,0,3,2,5,1,2,0,2,5,9,0
283,2,2,1,2,0,2,3,9,3,3,7,0,1,3,2,5,1,2,1,2,5,5,0
100,3,0,1,2,0,1,5,2,2,5,2,0,0,3,2,1,2,2,2,2,5,1,0
312,3,1,1,2,0,0,1,7,2,5,1,0,0,3,2,2,2,4,0,2,5,9,0
464,2,3,1,4,0,1,7,6,2,5,7,0,0,2,2,8,2,2,3,3,5,0,0
470,2,0,1,4,0,1,0,9,4,2,7,0,0,2,2,8,2,2,1,2,5,3,0
601,6,1,1,3,0,2,4,2,4,5,1,0,3,0,4,8,1,2,2,2,5,9,0
702,4,0,1,4,0,1,9,9,5,5,0,0,0,0,2,8,1,2,3,3,5,12,0
657,3,0,1,4,0,1,5,7,4,5,1,0,0,0,2,5,2,3,1,2,5,5,0
463,2,2,1,1,0,3,8,7,2,5,7,0,0,3,2,8,2,2,1,2,5,7,0
312,3,1,1,2,0,0,0,6,1,5,1,0,0,3,2,3,2,5,0,2,5,9,0
849,4,1,1,1,0,1,4,4,4,5,1,0,0,2,2,2,1,2,0,2,5,10,0
148,3,0,1,4,1,1,7,7,2,5,3,0,1,3,2,2,1,2,1,1,5,2,0
738,3,2,0,4,0,1,5,6,3,6,1,0,0,0,2,8,1,2,2,2,5,6,0
647,1,0,1,3,0,3,7,2,1,4,7,0,2,0,3,8,1,2,0,1,5,9,0
787,2,3,0,4,0,1,8,5,2,7,1,0,0,0,2,8,1,2,2,2,5,9,0
657,3,0,1,4,0,1,3,6,4,5,1,0,0,0,2,8,2,3,0,2,5,3,0
782,0,0,1,2,0,2,0,1,4,5,1,0,0,0,2,7,1,2,3,3,5,10,0
702,5,0,1,4,0,0,9,9,4,5,1,0,0,0,2,8,1,2,3,3,5,5,0
378,5,1,1,4,0,2,6,4,4,5,7,0,0,1,2,6,1,3,0,2,5,8,0
296,3,1,1,1,0,0,1,7,2,4,3,0,0,3,2,3,1,3,0,2,5,7,0
375,4,1,1,4,0,3,6,5,4,5,4,0,1,1,2,6,1,2,1,2,5,7,0
657,3,1,1,4,0,2,6,7,4,5,1,0,0,0,2,2,2,2,3,3,5,5,0
470,2,0,1,4,0,1,0,8,5,5,7,0,0,2,2,8,2,2,2,2,5,2,0
101,3,0,1,4,2,2,8,8,3,5,1,0,0,3,2,2,2,2,2,2,5,11,0
311,2,1,1,4,1,2,0,7,5,5,1,1,0,3,2,0,2,2,2,2,5,9,0
969,1,1,1,3,0,2,5,6,2,5,5,0,2,3,2,1,1,9,0,2,5,12,0
464,2,1,1,1,0,3,9,8,2,5,7,0,0,2,2,8,2,2,1,2,5,7,0
145,5,1,1,3,1,1,7,6,0,5,7,0,2,3,2,2,1,7,3,3,5,9,0
149,4,1,1,4,0,2,4,8,3,5,5,0,2,3,2,2,1,2,0,1,5,1,0
101,3,0,1,4,2,1,9,7,2,5,1,0,0,3,2,5,2,2,1,2,5,6,0
380,4,0,1,2,1,1,0,7,4,5,6,0,0,3,2,2,2,2,0,1,4,0,0
147,2,0,1,4,1,1,10,7,2,5,2,0,0,3,2,2,1,2,1,1,5,2,0
101,3,0,1,3,1,1,8,5,2,5,1,0,0,3,2,6,2,2,0,2,5,1,0
876,6,0,1,1,0,1,5,6,3,4,1,0,0,2,2,1,2,2,0,2,5,10,0
98,5,0,1,4,0,3,5,7,2,5,5,0,0,3,2,6,2,10,0,2,5,0,0
536,4,2,1,3,1,1,1,4,4,5,7,0,1,1,2,8,2,2,2,2,5,10,0
705,3,1,1,2,0,2,4,9,3,5,0,0,0,0,2,4,1,2,1,2,5,10,0
470,2,0,1,3,0,1,5,7,4,5,7,0,0,2,2,8,2,2,1,2,5,1,0
470,2,0,1,1,1,1,0,9,4,3,7,0,0,2,2,8,2,2,1,2,5,7,0
223,1,2,1,1,0,1,7,4,6,5,5,0,0,3,2,3,1,1,0,2,5,9,0
798,1,0,1,2,0,1,0,2,3,4,1,0,0,0,2,7,1,2,3,3,5,10,0
702,5,0,1,4,0,0,9,9,4,5,1,0,0,0,2,8,1,2,3,3,5,7,0
657,3,0,1,4,0,1,6,6,4,5,1,0,0,0,2,7,2,3,0,2,5,3,0
53,4,0,1,4,0,2,2,6,2,5,7,0,0,1,2,8,2,7,0,2,5,1,0
99,4,0,1,5,0,1,3,9,4,5,4,0,0,3,2,1,2,2,3,3,5,6,0
376,4,1,1,4,0,2,8,6,4,5,1,0,2,3,3,7,2,2,2,2,5,13,0
310,2,1,1,2,0,0,0,7,2,5,1,0,0,3,2,0,2,4,0,2,5,9,0
102,2,0,1,3,1,3,6,7,2,5,1,0,0,3,2,1,1,2,1,2,5,1,0
373,3,0,1,4,0,2,4,6,4,5,1,0,3,3,4,4,2,3,1,2,5,8,0
215,1,1,1,1,0,1,7,2,6,5,4,0,0,3,2,4,1,1,0,2,5,11,0
811,2,2,1,3,0,1,9,5,2,6,1,0,0,0,2,6,2,2,2,2,5,9,0
657,3,0,1,1,1,1,2,10,4,5,0,0,0,0,2,6,2,2,3,3,5,1,0
657,3,0,1,3,0,1,7,6,4,5,0,0,0,0,2,2,2,2,3,3,5,2,0
312,3,1,1,3,1,1,0,7,4,5,1,1,0,3,2,0,2,3,1,2,5,9,0