Time,Day_of_week,Age_band_of_driver,Sex_of_driver,Educational_level,Vehicle_driver_relation,Driving_experience,Type_of_vehicle,Area_accident_occured,Lanes_or_Medians,Road_allignment,Types_of_Junction,Road_surface_type,Road_surface_conditions,Light_conditions,Weather_conditions,Type_of_collision,Number_of_vehicles_involved,Vehicle_movement,Casualty_class,Casualty_severity,Pedestrian_movement,Cause_of_accident,Accident_severity
607,6,1,1,4,0,2,5,3,4,5,0,0,2,0,3,8,1,2,2,2,5,8,0
1003,1,1,1,4,0,1,2,7,2,5,3,0,1,3,2,4,1,6,0,2,5,10,0
310,2,1,1,4,1,2,0,7,5,5,2,1,0,3,2,0,2,2,2,2,5,9,0
100,3,0,1,4,1,3,6,7,2,5,1,0,0,3,2,1,2,2,2,2,5,0,0
217,1,2,1,1,0,1,7,1,5,5,4,0,0,3,2,4,1,1,0,2,5,9,0
600,3,1,1,2,1,3,5,0,4,5,1,0,1,1,2,8,1,2,1,2,5,4,0
101,3,0,1,4,2,1,9,7,2,5,1,0,0,3,2,6,2,2,0,2,5,4,0
372,3,0,1,4,0,1,4,6,4,5,1,0,3,3,4,4,2,3,0,2,3,1,0
657,3,0,1,3,0,1,6,7,4,5,0,0,0,0,2,3,2,2,3,3,5,2,0
379,4,1,1,2,0,1,1,8,1,5,5,0,0,3,2,8,2,2,2,2,1,10,0
382,4,0,1,2,1,1,2,6,4,5,7,0,0,3,2,3,2,3,0,1,5,7,0
657,3,0,1,4,0,1,0,8,6,5,1,0,0,0,2,8,2,5,1,2,5,1,0
651,4,2,1,4,0,1,8,4,0,5,7,0,1,0,2,4,1,2,1,2,5,11,0
657,3,0,1,4,0,1,4,6,4,5,1,0,0,0,2,8,2,3,0,2,5,3,0
468,2,0,1,0,1,2,1,9,3,5,7,0,0,2,2,8,2,2,1,2,5,10,0
774,3,3,0,4,0,1,7,5,3,7,1,0,0,0,2,8,1,2,2,2,5,9,0
375,4,1,1,4,0,3,6,5,4,5,4,0,1,1,2,6,1,2,1,2,5,7,0
415,4,1,1,3,0,0,6,10,2,5,7,0,0,0,2,8,2,2,2,2,3,14,0
377,4,0,1,3,0,2,2,5,4,5,7,0,0,1,2,4,1,2,0,1,5,2,0
639,5,0,1,4,1,1,3,8,4,5,0,0,0,2,2,8,2,2,1,2,5,4,0
371,3,0,1,3,0,1,0,5,4,5,1,0,3,3,4,1,2,4,0,2,5,2,0
657,3,0,1,4,0,1,0,8,5,5,1,0,0,0,2,7,2,8,3,3,5,0,0
381,4,0,1,2,1,1,1,6,4,5,7,0,0,3,2,2,2,3,0,1,5,5,0
787,0,0,1,2,0,2,1,2,4,5,2,0,0,0,2,6,1,3,3,3,5,8,0
625,5,0,1,2,0,1,4,8,3,5,1,0,3,0,4,8,1,2,0,1,5,11,0
904,4,0,1,4,0,1,3,9,1,3,2,0,2,0,2,6,2,2,2,2,5,9,0
702,4,0,1,4,0,1,9,8,5,5,1,0,0,0,2,8,1,2,3,3,5,10,0
621,4,1,1,1,2,2,7,1,2,5,0,0,0,3,2,4,2,2,1,2,5,1,0
849,4,1,1,2,0,1,7,5,3,5,1,0,0,1,2,3,2,2,1,2,5,9,0
149,4,0,1,4,2,1,7,6,0,5,6,0,2,3,2,1,1,8,2,2,5,8,0
532,4,2,1,4,0,0,5,7,3,5,7,0,1,1,2,8,2,2,2,2,5,6,0
101,3,0,1,4,2,3,7,7,2,5,1,0,0,3,2,2,2,2,1,2,5,0,0
522,4,1,1,2,0,2,2,1,2,5,7,0,0,2,2,8,2,2,2,2,5,15,0
651,2,0,1,4,0,2,8,4,3,5,3,0,1,0,2,4,1,2,1,2,5,6,0
659,1,0,1,1,0,2,4,6,0,1,6,0,0,0,2,7,1,4,3,3,5,8,0
7,3,2,1,4,0,2,6,8,4,5,7,0,0,0,2,8,2,2,1,2,5,7,0
377,4,0,1,3,0,2,2,5,4,5,7,0,0,1,2,4,1,2,0,1,5,2,0
987,1,1,1,3,0,1,1,6,2,5,1,0,0,3,2,6,2,6,0,2,5,7,0
586,2,0,1,3,0,1,8,6,1,5,1,0,0,0,2,3,1,2,2,2,5,1,0
802,1,1,1,4,0,2,7,5,2,6,3,0,0,1,2,5,1,5,3,3,5,4,0
304,2,1,1,4,0,2,0,8,2,5,5,1,2,3,2,2,2,3,2,2,5,9,0
415,4,0,1,4,0,0,9,8,2,5,4,0,0,1,2,8,2,2,1,2,5,13,0
630,6,0,1,3,1,1,4,9,4,5,0,0,0,2,2,8,1,2,1,1,5,6,0
702,4,0,1,3,0,0,7,9,3,5,0,0,0,0,2,7,1,2,2,2,5,3,0
415,4,0,1,3,0,0,12,8,3,5,2,0,0,2,2,8,2,2,0,1,4,13,0
101,3,0,1,4,2,1,9,8,3,5,1,0,0,3,2,3,2,2,2,2,5,9,0
7,3,2,1,4,0,2,6,8,4,5,7,0,0,0,2,8,2,2,1,2,5,7,0
702,5,0,1,4,0,1,9,9,5,5,1,0,0,0,2,8,1,2,3,3,5,8,0
101,3,0,1,1,0,1,7,1,2,5,1,0,0,3,2,2,2,3,2,2,5,0,0
702,5,0,1,4,0,1,9,9,5,5,1,0,0,0,2,8,1,2,3,3,5,9,0
657,3,0,1,4,0,1,7,6,4,5,1,0,0,0,2,3,2,2,2,2,5,3,0
652,5,3,1,4,0,0,8,5,0,5,7,0,0,0,2,3,1,2,2,2,5,12,0
470,2,0,1,4,0,1,3,8,5,5,7,0,0,2,2,8,2,2,2,2,5,1,0
572,2,0,1,4,0,0,6,8,1,5,2,0,0,0,2,3,1,2,2,2,5,2,0
305,3,1,1,3,0,2,5,7,2,4,2,1,0,3,2,8,1,2,0,2,5,7,0
718,1,0,1,4,0,2,9,7,2,5,5,0,2,0,3,8,2,2,0,2,5,2,0
101,3,0,1,3,1,1,8,5,2,5,1,0,0,3,2,6,2,2,0,2,5,1,0
312,3,1,1,4,1,2,2,7,4,5,1,2,0,3,2,3,2,2,1,2,5,9,0
463,2,2,1,1,1,2,4,2,2,5,7,0,0,3,2,8,2,2,2,2,5,1,0
611,3,1,1,1,2,2,6,0,3,5,0,0,0,3,2,6,2,2,0,2,5,1,0
647,2,0,1,4,0,3,8,2,1,5,7,0,2,0,3,6,1,2,0,1,5,10,0
653,2,0,1,4,0,3,5,6,4,5,2,0,0,0,2,3,1,2,2,2,5,9,0
642,2,0,1,3,0,3,8,2,2,5,5,0,2,0,3,6,1,2,0,1,5,7,0
378,3,0,1,2,1,1,0,6,4,5,5,0,0,3,2,1,2,2,0,1,5,1,0
871,5,0,1,4,0,1,5,8,1,3,2,0,2,0,2,6,2,2,3,3,5,9,0
902,5,0,1,4,0,1,4,8,1,3,2,0,2,0,2,6,2,2,2,2,5,9,0
463,2,1,1,1,1,1,3,2,2,4,7,0,0,2,2,8,2,2,2,2,5,1,0
134,5,1,1,2,0,1,7,6,1,5,7,0,1,3,2,5,1,4,3,3,5,9,0
379,4,0,1,2,1,1,1,6,4,5,7,0,0,2,2,3,1,2,0,1,5,1,0
463,2,2,1,1,1,2,4,2,1,5,7,0,0,3,2,8,2,2,3,3,5,0,0
380,4,0,1,2,1,1,0,6,4,5,6,0,0,3,2,1,2,2,0,1,5,1,0
994,1,2,1,2,0,1,6,6,3,5,3,0,1,3,2,4,1,6,0,2,5,8,0
225,1,2,1,1,0,1,6,2,4,5,5,0,0,3,2,3,1,3,0,2,5,7,0
379,4,1,1,2,0,1,1,8,1,5,5,0,0,3,2,8,2,2,2,2,0,10,0
100,3,0,1,1,0,1,6,1,2,5,1,0,0,3,2,1,2,2,2,2,5,1,0
657,3,1,1,4,0,2,7,6,4,5,1,0,0,0,2,2,2,2,3,3,5,3,0
467,2,0,1,3,0,1,0,9,5,5,7,0,0,2,2,8,2,1,1,2,5,6,0
216,1,2,1,1,0,1,8,6,6,5,4,0,0,3,2,4,1,1,0,2,5,9,0
466,2,1,1,2,0,2,0,9,4,5,7,0,0,2,2,8,2,1,1,2,5,7,0
633,6,0,1,2,2,1,7,4,2,5,0,0,0,3,2,4,2,2,2,2,5,2,0
375,4,1,1,2,0,1,1,1,4,5,2,0,2,2,3,2,1,2,1,2,5,1,0
98,3,0,1,4,1,3,6,6,2,5,1,0,0,2,2,2,2,2,1,2,5,0,0
994,1,2,1,2,0,1,6,6,3,5,3,0,1,3,2,4,1,6,0,2,5,8,0
728,3,1,0,4,0,1,6,6,2,5,1,0,0,0,2,8,1,2,2,2,5,4,0
148,3,0,1,4,2,1,10,6,0,5,4,0,1,3,2,1,1,6,2,2,5,6,0
467,2,0,1,3,0,1,6,5,3,5,7,0,0,2,2,8,2,2,2,2,5,0,0
517,5,1,1,2,0,2,5,3,2,5,7,0,0,3,2,8,2,2,2,2,5,14,0
721,1,0,1,4,0,2,9,7,2,5,6,0,2,0,3,8,2,2,0,2,5,3,0
101,3,0,1,2,1,1,8,4,2,5,1,0,0,3,2,5,2,2,0,2,5,1,0
783,0,1,1,2,0,2,0,1,3,5,1,0,0,0,2,8,1,2,3,3,5,10,0
9,3,0,1,4,0,1,0,6,3,5,7,0,0,0,2,8,2,2,0,2,5,1,0
657,3,0,1,4,0,2,1,6,5,5,1,0,0,0,2,6,2,2,0,2,5,3,0
470,2,0,1,2,0,1,0,9,5,5,7,0,0,2,2,8,2,2,2,2,5,5,0
117,4,1,1,2,0,1,8,7,2,5,4,0,0,3,2,5,1,2,3,3,5,10,0
149,4,1,1,4,0,2,0,8,3,5,6,0,2,3,2,2,1,2,0,1,5,1,0
110,2,0,1,0,0,0,1,7,4,5,1,1,0,3,2,1,1,2,0,2,5,9,0
192,0,1,1,1,0,1,6,7,1,5,1,0,0,3,2,8,3,6,0,2,5,3,0
293,3,1,1,1,0,0,2,7,2,4,3,0,0,3,2,3,1,3,0,2,5,6,0
892,5,1,1,1,0,1,5,6,3,5,1,0,0,3,2,1,2,2,0,2,5,9,0
192,0,0,1,1,0,1,8,7,6,5,1,0,0,3,2,8,3,0,0,2,5,13,0
376,4,1,1,3,0,2,5,7,3,5,2,0,2,3,3,8,2,2,2,2,3,12,0
657,3,0,1,4,0,1,0,7,6,5,1,0,0,0,2,8,2,4,1,2,5,1,0
703,4,0,1,4,0,0,8,8,3,5,1,0,0,0,2,8,1,2,3,3,5,2,0
312,3,1,1,2,0,0,0,7,3,5,1,0,0,3,2,0,2,3,0,2,5,9,0
303,2,1,1,4,0,2,0,8,3,5,6,1,2,3,2,0,2,3,2,2,5,9,0
375,4,1,1,4,0,2,6,5,4,5,4,0,1,1,2,6,1,2,0,2,3,1,0
655,4,2,1,4,0,0,8,6,1,5,4,0,0,0,2,4,1,2,1,2,5,8,0
375,4,1,1,2,0,1,1,1,4,5,2,0,2,2,3,2,1,2,1,2,5,1,0
414,3,1,1,3,0,0,7,8,1,5,6,0,0,0,2,8,1,2,2,2,5,13,0
951,2,1,1,4,0,2,5,7,1,4,5,0,3,1,2,2,1,7,1,2,5,11,0
192,0,1,1,1,0,2,7,0,4,5,1,0,0,3,2,8,3,0,1,2,5,10,0
297,3,1,1,2,0,2,1,7,1,4,3,0,0,3,2,8,1,5,0,2,5,6,0
768,2,2,0,3,0,1,2,3,4,6,1,0,0,0,2,8,1,2,2,2,5,9,0
876,6,0,1,3,0,1,5,8,1,3,2,0,2,0,2,5,2,2,2,2,5,10,0
395,1,0,1,1,0,1,3,6,1,5,3,0,0,2,2,5,1,2,0,1,5,1,0
707,3,0,1,4,0,0,7,7,2,5,1,0,0,0,2,8,1,2,3,3,5,1,0
632,6,0,1,3,1,1,4,9,4,5,0,0,0,2,2,8,1,2,1,1,5,5,0
123,5,1,1,3,0,2,0,7,4,5,6,0,0,3,2,6,1,2,0,2,5,9,0
657,3,0,1,4,0,2,3,8,6,5,1,0,0,0,2,3,2,2,2,2,5,7,0
128,5,1,1,2,0,1,7,6,1,5,7,0,0,3,2,7,1,2,3,3,5,9,0
98,6,0,1,5,0,1,1,8,3,5,7,0,0,3,2,3,2,5,1,2,5,2,0
1002,1,2,1,2,0,0,4,7,3,5,1,0,0,3,2,8,1,2,0,2,5,5,0
312,3,1,1,2,0,0,0,7,2,5,1,0,0,3,2,0,2,4,0,2,5,9,0
377,4,0,1,3,0,1,5,7,4,5,3,0,1,3,3,5,2,2,1,1,2,0,0
470,2,0,1,0,1,1,0,9,4,4,7,0,0,2,2,8,2,2,1,2,5,9,0
787,1,1,0,4,0,1,5,6,4,5,4,0,0,1,2,4,1,6,2,2,5,3,0
856,4,0,1,1,0,1,5,6,4,5,2,0,0,3,2,1,1,3,0,2,5,7,0
708,3,1,1,1,0,1,1,8,2,5,0,0,0,0,2,2,2,2,0,2,5,7,0
588,3,0,1,4,0,0,7,7,2,5,1,0,1,0,2,4,1,2,1,2,5,1,0
657,3,0,1,4,0,1,2,8,5,5,1,0,0,0,2,8,2,7,2,2,5,0,0
517,5,1,1,2,0,2,5,3,2,5,7,0,0,3,2,8,2,2,2,2,5,14,0
599,6,2,1,4,0,2,5,3,4,5,1,0,3,0,4,8,1,2,2,2,5,6,0
381,4,0,1,2,0,1,0,8,1,5,7,0,0,3,2,7,2,2,1,1,0,8,0
599,6,2,1,4,0,1,5,3,4,5,1,0,3,0,4,8,1,2,1,2,5,4,0
120,4,1,1,2,0,1,0,7,4,5,4,0,0,3,2,5,1,2,0,2,5,9,0
202,0,0,1,1,0,1,7,3,6,5,2,0,0,3,2,6,2,0,0,2,5,13,0
375,4,1,1,4,0,2,8,7,4,5,1,0,3,3,4,8,2,2,2,2,3,7,0
994,1,1,1,4,0,2,4,6,2,5,6,0,2,3,2,1,1,10,0,2,5,12,0
286,3,2,1,1,0,2,3,8,2,3,5,0,0,3,2,8,1,3,0,2,5,4,0
398,1,1,1,2,0,2,7,6,1,5,3,0,0,2,2,7,1,3,0,2,5,7,0
99,4,0,1,4,1,1,5,7,2,5,3,0,0,3,2,5,2,2,1,2,5,1,0
554,4,3,0,2,2,0,2,7,5,5,7,0,3,0,2,5,3,2,2,2,5,5,0
718,1,0,1,4,0,2,9,7,2,5,5,0,2,0,3,8,2,2,0,2,5,2,0
157,4,1,1,3,1,1,7,7,1,5,5,0,2,3,2,2,2,7,2,2,5,9,0
377,4,1,1,4,0,2,8,6,4,5,2,0,2,3,3,7,2,3,2,2,5,14,0
104,2,0,1,2,1,2,4,7,2,5,1,0,0,3,2,1,1,2,1,2,5,2,0
411,2,1,1,2,0,0,7,7,1,5,4,0,0,0,2,8,1,2,1,2,5,7,0
580,5,2,1,4,0,0,2,6,6,6,3,0,3,0,3,8,1,2,0,1,5,1,0
98,6,0,1,5,0,1,0,8,3,5,7,0,0,3,2,2,2,3,2,2,5,2,0
375,4,1,1,2,0,1,2,2,4,5,1,0,3,3,4,2,2,2,2,2,3,0,0
408,4,0,1,3,0,0,11,7,3,5,2,0,0,3,2,8,2,2,0,1,4,12,0
312,3,1,1,3,0,1,0,6,0,5,1,0,0,3,2,7,2,6,0,2,5,9,0
714,2,1,1,2,0,2,4,8,2,5,3,0,1,0,2,4,2,2,0,2,5,6,0
599,4,1,1,3,0,0,5,4,5,6,1,0,2,0,3,8,1,2,0,1,5,0,0
778,0,0,1,2,0,1,0,1,4,5,1,0,0,0,2,8,1,2,2,2,4,10,0
463,2,1,1,0,0,3,9,9,2,5,7,0,0,2,2,8,2,2,1,2,5,9,0
657,3,0,1,4,0,2,3,9,6,5,1,0,0,0,2,3,2,3,3,3,5,7,0
470,2,0,1,4,0,1,1,9,4,1,7,0,0,2,2,8,2,2,1,2,5,2,0
378,3,0,1,2,1,1,0,6,4,5,5,0,0,3,2,1,2,2,0,1,5,1,0
101,3,0,1,2,0,2,7,3,2,5,1,0,0,3,2,2,2,3,2,2,5,0,0
373,3,1,1,2,0,1,0,3,4,5,1,0,3,3,4,1,2,3,1,2,5,1,0
587,3,0,1,4,0,0,8,7,2,5,1,0,1,0,2,4,1,2,1,2,5,1,0
110,2,0,1,0,0,0,1,7,4,5,1,1,0,3,2,1,1,2,0,2,5,9,0
720,1,0,1,4,0,2,9,7,2,5,6,0,2,0,3,8,2,2,0,2,5,2,0
101,3,0,1,3,1,3,7,5,2,5,1,0,0,3,2,2,2,3,2,2,5,0,0
380,4,1,1,4,0,2,8,6,4,5,4,0,1,3,2,6,2,4,0,2,3,9,0
846,3,0,1,4,0,1,5,8,2,3,4,0,1,1,2,4,1,5,3,3,5,5,0
410,1,1,1,2,0,1,7,7,0,5,3,0,0,1,2,8,1,2,1,2,5,5,0
375,4,1,1,4,0,3,5,4,4,5,6,0,0,0,2,6,1,2,0,2,5,3,0
470,2,0,1,4,0,1,6,7,4,5,7,0,0,2,2,8,2,2,2,2,5,0,0
657,3,1,1,4,0,2,7,6,4,5,1,0,0,0,2,2,2,2,3,3,5,3,0
192,0,0,1,1,0,2,7,3,5,5,1,0,0,3,2,8,3,0,0,2,5,13,0
375,4,1,1,4,0,2,5,4,4,5,6,0,0,0,2,6,1,2,0,2,4,2,0
657,3,0,1,4,0,1,1,8,5,5,1,0,0,0,2,8,2,7,2,2,5,0,0
470,2,0,1,4,0,1,0,9,4,2,7,0,0,2,2,8,2,2,1,2,5,3,0
517,5,1,1,3,0,1,9,6,2,5,7,0,0,3,2,8,2,2,2,2,5,9,0
593,5,2,0,3,0,2,5,2,4,5,1,0,3,0,3,7,1,2,2,2,5,9,0
192,0,0,1,1,0,1,9,11,6,5,1,0,0,3,2,8,3,0,0,2,5,10,0
101,3,0,1,2,0,2,7,3,2,5,1,0,0,3,2,2,2,3,2,2,5,0,0
108,2,0,1,1,0,1,2,7,3,5,1,1,0,3,2,1,1,2,0,2,5,5,0
309,3,1,1,3,1,2,0,7,5,4,1,1,0,3,2,0,1,2,1,2,5,8,0
208,0,2,1,1,0,1,7,0,4,5,3,0,0,3,2,5,2,0,1,2,5,9,0
657,3,0,1,4,0,1,7,6,4,5,1,0,0,0,2,3,2,2,2,2,5,3,0
997,1,2,1,1,0,0,7,7,3,5,1,0,0,3,2,8,1,2,0,2,5,4,0
487,3,0,1,4,0,1,8,7,3,5,7,0,0,2,2,8,2,2,2,2,5,3,0
309,2,1,1,4,0,2,3,7,2,5,2,1,0,3,2,5,2,2,0,2,5,9,0
415,4,0,1,2,1,0,7,10,2,5,5,0,0,0,2,8,2,3,1,1,1,15,0
307,2,1,1,4,1,2,0,7,4,5,3,1,1,3,2,0,2,2,2,2,5,9,0
720,1,0,1,4,0,2,9,7,2,5,6,0,2,0,3,8,2,2,0,2,5,2,0
312,3,1,1,4,0,2,2,6,1,5,1,1,0,3,2,8,2,4,0,2,5,9,0
192,0,1,1,1,0,1,8,5,4,5,1,0,0,3,2,8,3,0,1,2,5,9,0
657,3,0,1,4,0,2,1,6,5,5,1,0,0,0,2,6,2,2,0,2,5,3,0
657,2,0,1,3,0,2,4,8,5,4,1,0,0,0,2,2,1,2,3,3,5,9,0
602,2,0,1,1,1,2,4,0,4,5,1,0,0,2,2,8,1,2,0,1,5,1,0
36,3,2,1,4,0,2,8,8,3,5,5,0,0,0,2,8,2,2,0,2,5,7,0
146,2,0,1,3,1,0,13,7,2,5,1,0,0,3,2,1,1,2,1,1,5,3,0
720,1,0,1,4,0,2,9,7,2,5,6,0,2,0,3,8,2,2,0,2,5,4,0
657,3,0,1,4,0,1,2,8,5,5,1,0,0,0,2,8,2,7,2,2,5,0,0
189,0,1,1,1,0,1,9,12,5,5,1,0,0,3,2,7,2,0,0,2,5,9,0
61,4,0,1,5,0,1,0,7,4,5,7,0,0,1,2,3,2,2,2,2,5,2,0
659,1,0,1,1,0,2,4,6,0,1,6,0,0,0,2,7,1,4,3,3,5,9,0
72,3,0,1,4,1,2,8,9,4,5,2,0,0,2,2,3,2,2,2,2,5,11,0
598,5,1,1,4,0,2,5,2,3,5,1,0,2,0,3,7,1,2,3,3,5,8,0
189,0,0,1,1,0,1,7,4,5,5,1,0,0,3,2,7,2,0,0,2,5,14,0
706,3,1,1,1,0,1,2,9,2,5,0,0,0,0,2,3,1,2,0,2,5,7,0
469,2,0,1,3,0,1,0,9,5,5,7,0,0,2,2,8,2,1,2,2,5,3,0
470,2,0,1,4,0,1,0,9,4,2,7,0,0,2,2,8,2,2,1,2,5,3,0
409,0,0,1,1,0,1,8,6,0,5,1,0,0,2,2,8,1,2,0,1,5,3,0
146,5,1,1,3,1,1,7,6,0,5,7,0,2,3,2,1,1,8,3,3,5,9,0
863,5,1,1,1,0,1,6,5,3,5,1,0,0,2,2,2,2,2,0,2,5,9,0
7,3,0,1,4,0,1,0,6,4,5,7,0,0,0,2,7,2,2,1,2,5,1,0
144,5,2,1,3,0,2,1,8,3,5,7,0,2,3,2,3,1,2,0,1,5,2,0
378,4,0,1,2,1,1,1,5,4,5,7,0,0,1,2,3,1,2,0,1,5,1,0
499,3,0,1,2,0,2,1,4,3,5,7,0,0,2,2,8,2,2,2,2,5,12,0
98,6,0,1,4,0,2,4,7,2,5,7,0,0,3,2,7,2,11,0,2,5,1,0
463,2,2,1,1,0,2,0,8,3,5,7,0,0,3,2,8,2,1,0,2,5,11,0
381,3,0,1,1,1,1,0,6,3,5,6,0,0,2,2,2,1,2,0,1,5,1,0
930,5,0,1,4,0,1,0,6,5,3,7,0,0,3,2,7,3,3,0,2,5,12,1
430,5,1,1,4,0,3,1,6,1,5,5,0,2,2,2,8,1,2,2,2,5,0,1
735,2,0,1,2,1,2,2,8,1,5,1,0,0,0,2,8,2,2,0,2,5,5,1
173,2,3,1,1,1,1,7,6,0,5,0,0,0,3,2,7,1,3,0,2,5,0,1
312,1,1,1,2,2,0,7,6,5,5,0,0,0,3,2,8,1,2,0,2,5,11,1
501,3,2,1,1,0,3,0,7,2,5,5,0,0,2,2,8,2,2,3,3,5,14,1
791,3,0,1,4,0,1,9,11,5,3,7,0,0,0,2,8,1,2,0,2,4,1,1
492,4,1,1,4,1,2,10,8,2,5,4,0,0,3,5,1,1,5,1,2,5,4,1
541,0,1,1,2,0,0,4,8,1,5,0,0,0,3,2,8,3,3,0,2,5,10,1
624,5,0,1,2,1,2,7,7,4,5,7,1,3,2,2,8,3,2,1,2,5,1,1
411,5,1,1,1,0,0,1,8,5,7,6,0,0,0,2,8,1,0,2,2,5,1,1
535,1,0,1,4,1,3,0,7,3,5,7,0,3,0,3,3,2,5,0,2,3,9,1
716,1,0,1,4,0,2,8,7,2,3,4,0,0,0,2,1,1,3,2,1,5,0,1
206,0,2,1,4,0,2,10,6,5,4,7,0,0,3,2,8,2,2,0,2,5,10,1
641,4,0,1,3,0,1,5,8,2,5,7,0,2,0,7,8,1,2,3,3,5,3,1
911,1,0,1,4,0,3,4,8,3,5,7,0,0,3,2,7,2,2,0,2,5,0,1
956,2,1,1,4,0,2,0,7,1,2,4,0,0,3,2,8,2,2,1,2,5,0,1
348,1,4,0,4,0,1,4,7,2,5,4,0,0,3,2,8,1,2,0,2,5,12,1
222,0,0,1,4,0,1,3,6,1,5,3,0,1,3,2,5,1,2,2,2,3,10,1
607,2,3,1,3,0,1,4,7,5,5,1,0,0,3,2,7,1,2,3,3,5,3,1
611,4,0,1,1,0,1,3,6,1,5,0,0,0,3,2,8,2,3,1,2,5,10,1
520,1,2,1,4,0,1,3,9,0,5,4,0,0,1,2,8,2,2,0,2,5,10,1
644,2,1,1,4,0,3,5,5,2,6,7,0,0,1,2,8,2,1,1,2,5,13,1
643,0,2,1,3,0,2,7,6,5,3,0,0,0,0,2,6,3,2,3,3,5,1,1
346,0,2,0,4,0,2,2,7,3,5,1,1,0,1,2,8,2,2,1,2,5,12,1
395,5,1,0,4,0,3,14,7,3,5,0,1,0,3,2,2,1,3,0,2,5,11,1
395,5,1,1,4,0,3,10,7,3,4,1,1,0,3,2,1,1,2,0,2,5,12,1
584,3,0,1,4,0,1,5,6,2,5,7,0,2,0,2,3,2,2,2,1,2,3,1
281,2,0,1,4,0,0,6,6,4,5,2,0,0,3,2,2,2,1,1,2,5,3,1
520,5,1,1,1,0,1,7,6,3,5,0,0,2,3,2,8,2,2,0,2,5,2,1
480,2,0,1,3,0,0,0,8,3,4,0,0,0,0,2,7,2,2,3,3,5,10,1
549,3,1,1,4,0,3,4,3,4,5,1,0,0,3,2,8,2,2,0,2,5,1,1
405,4,0,1,2,1,1,9,6,3,5,2,0,2,0,2,3,1,2,2,2,5,10,1
843,4,2,0,2,0,2,0,3,0,5,0,0,2,0,2,5,2,2,1,2,5,11,1
404,3,2,1,2,0,5,8,8,4,5,7,0,0,0,2,8,1,2,0,2,5,10,1
940,6,0,1,1,0,1,5,8,0,5,1,0,3,3,2,2,3,2,0,1,5,14,1
475,5,0,1,3,0,0,6,7,1,5,0,0,0,2,2,8,1,2,0,2,5,16,1
1006,0,0,1,4,2,1,2,7,2,5,1,0,3,3,2,2,2,2,0,1,5,10,1
1027,5,0,1,3,0,2,0,1,2,5,2,0,0,3,2,7,2,1,0,2,5,10,1
127,3,2,1,2,0,0,1,6,2,5,0,0,0,3,2,2,1,2,1,2,5,5,1
559,3,0,1,2,0,1,1,7,2,5,4,0,1,1,2,7,2,2,1,2,5,7,1
348,0,0,1,2,0,1,9,10,3,5,7,0,0,3,2,5,3,2,1,2,5,13,1
853,0,0,0,4,1,3,0,8,5,5,0,0,2,0,2,8,2,2,0,2,5,0,1
987,4,1,1,4,0,0,9,6,2,5,2,0,0,3,2,6,2,2,2,2,4,11,1
775,2,2,0,4,0,2,8,6,2,5,2,0,0,0,2,8,1,3,0,2,5,4,1
718,1,0,0,4,0,2,4,6,2,5,7,0,1,0,3,2,2,2,3,3,5,10,1
802,0,2,0,4,0,2,2,1,4,5,1,0,1,0,2,8,3,2,1,2,5,4,1
281,1,0,1,4,0,0,4,7,5,5,4,0,0,3,2,4,1,1,3,3,5,3,1
516,0,3,1,4,0,2,0,8,2,5,1,0,0,3,2,7,1,2,2,2,5,10,1
929,0,1,1,4,0,1,10,2,1,5,2,0,0,3,2,8,1,2,1,2,3,2,1
556,3,1,1,2,1,2,14,1,4,5,5,0,2,0,3,8,2,2,2,2,5,10,1
550,4,1,1,4,0,2,4,3,4,5,1,0,0,2,2,8,2,2,0,2,5,1,1
746,3,3,1,2,0,1,6,4,2,6,3,2,0,1,2,8,1,1,0,2,5,5,1
720,0,3,0,4,0,3,0,9,4,5,1,0,0,0,2,8,1,8,0,2,4,15,1
937,6,1,1,4,0,1,8,6,3,5,1,0,3,3,2,2,2,2,1,2,5,6,1
153,2,0,1,1,0,2,4,4,2,5,2,0,0,3,2,8,2,2,0,2,5,2,1
645,2,1,1,2,0,1,7,5,4,5,7,0,0,2,2,8,2,1,3,3,5,4,1
979,1,0,1,3,0,1,0,8,2,5,0,0,0,3,2,7,1,4,0,2,5,0,1
180,2,0,1,4,0,2,9,6,2,5,7,0,0,3,1,8,1,6,0,2,5,9,1
723,2,1,1,4,1,1,5,6,1,5,7,0,0,0,2,8,2,2,3,3,5,10,1
237,3,2,1,4,0,0,0,6,2,5,6,0,0,3,2,5,2,2,0,1,5,1,1
933,2,2,1,4,0,1,0,5,3,5,2,0,0,3,2,8,1,2,2,2,5,15,1
964,3,1,1,4,0,0,4,7,2,5,7,0,0,3,2,8,2,2,1,2,5,16,1
981,3,0,1,3,0,1,0,9,2,5,0,0,1,3,2,8,1,3,0,2,3,0,1
356,0,2,1,4,0,1,0,6,3,5,6,2,0,3,2,8,1,2,0,1,5,1,1
840,4,2,1,3,0,3,0,5,4,5,1,0,3,2,4,8,2,6,2,2,5,10,1
367,3,1,1,3,0,2,4,6,2,5,3,0,1,3,2,1,1,2,1,2,5,10,1
620,5,0,1,4,0,3,5,7,2,5,3,0,3,1,2,8,2,2,1,2,5,0,1
66,6,2,1,4,0,2,0,9,3,5,1,0,3,3,2,8,2,2,0,2,5,3,1